pattern,nonzero_count,density,sample,raw_bits,bitmap_bits,rle_bits,adaptive_bits,selected_format,savings_vs_raw_percent
random,0,0.0,0,130,18,6,6,RLE,95.38461538461539
random,0,0.0,1,130,18,6,6,RLE,95.38461538461539
random,0,0.0,2,130,18,6,6,RLE,95.38461538461539
random,0,0.0,3,130,18,6,6,RLE,95.38461538461539
random,0,0.0,4,130,18,6,6,RLE,95.38461538461539
random,0,0.0,5,130,18,6,6,RLE,95.38461538461539
random,0,0.0,6,130,18,6,6,RLE,95.38461538461539
random,0,0.0,7,130,18,6,6,RLE,95.38461538461539
random,0,0.0,8,130,18,6,6,RLE,95.38461538461539
random,0,0.0,9,130,18,6,6,RLE,95.38461538461539
random,0,0.0,10,130,18,6,6,RLE,95.38461538461539
random,0,0.0,11,130,18,6,6,RLE,95.38461538461539
random,0,0.0,12,130,18,6,6,RLE,95.38461538461539
random,0,0.0,13,130,18,6,6,RLE,95.38461538461539
random,0,0.0,14,130,18,6,6,RLE,95.38461538461539
random,0,0.0,15,130,18,6,6,RLE,95.38461538461539
random,0,0.0,16,130,18,6,6,RLE,95.38461538461539
random,0,0.0,17,130,18,6,6,RLE,95.38461538461539
random,0,0.0,18,130,18,6,6,RLE,95.38461538461539
random,0,0.0,19,130,18,6,6,RLE,95.38461538461539
random,0,0.0,20,130,18,6,6,RLE,95.38461538461539
random,0,0.0,21,130,18,6,6,RLE,95.38461538461539
random,0,0.0,22,130,18,6,6,RLE,95.38461538461539
random,0,0.0,23,130,18,6,6,RLE,95.38461538461539
random,0,0.0,24,130,18,6,6,RLE,95.38461538461539
random,0,0.0,25,130,18,6,6,RLE,95.38461538461539
random,0,0.0,26,130,18,6,6,RLE,95.38461538461539
random,0,0.0,27,130,18,6,6,RLE,95.38461538461539
random,0,0.0,28,130,18,6,6,RLE,95.38461538461539
random,0,0.0,29,130,18,6,6,RLE,95.38461538461539
random,0,0.0,30,130,18,6,6,RLE,95.38461538461539
random,0,0.0,31,130,18,6,6,RLE,95.38461538461539
random,0,0.0,32,130,18,6,6,RLE,95.38461538461539
random,0,0.0,33,130,18,6,6,RLE,95.38461538461539
random,0,0.0,34,130,18,6,6,RLE,95.38461538461539
random,0,0.0,35,130,18,6,6,RLE,95.38461538461539
random,0,0.0,36,130,18,6,6,RLE,95.38461538461539
random,0,0.0,37,130,18,6,6,RLE,95.38461538461539
random,0,0.0,38,130,18,6,6,RLE,95.38461538461539
random,0,0.0,39,130,18,6,6,RLE,95.38461538461539
random,0,0.0,40,130,18,6,6,RLE,95.38461538461539
random,0,0.0,41,130,18,6,6,RLE,95.38461538461539
random,0,0.0,42,130,18,6,6,RLE,95.38461538461539
random,0,0.0,43,130,18,6,6,RLE,95.38461538461539
random,0,0.0,44,130,18,6,6,RLE,95.38461538461539
random,0,0.0,45,130,18,6,6,RLE,95.38461538461539
random,0,0.0,46,130,18,6,6,RLE,95.38461538461539
random,0,0.0,47,130,18,6,6,RLE,95.38461538461539
random,0,0.0,48,130,18,6,6,RLE,95.38461538461539
random,0,0.0,49,130,18,6,6,RLE,95.38461538461539
random,0,0.0,50,130,18,6,6,RLE,95.38461538461539
random,0,0.0,51,130,18,6,6,RLE,95.38461538461539
random,0,0.0,52,130,18,6,6,RLE,95.38461538461539
random,0,0.0,53,130,18,6,6,RLE,95.38461538461539
random,0,0.0,54,130,18,6,6,RLE,95.38461538461539
random,0,0.0,55,130,18,6,6,RLE,95.38461538461539
random,0,0.0,56,130,18,6,6,RLE,95.38461538461539
random,0,0.0,57,130,18,6,6,RLE,95.38461538461539
random,0,0.0,58,130,18,6,6,RLE,95.38461538461539
random,0,0.0,59,130,18,6,6,RLE,95.38461538461539
random,0,0.0,60,130,18,6,6,RLE,95.38461538461539
random,0,0.0,61,130,18,6,6,RLE,95.38461538461539
random,0,0.0,62,130,18,6,6,RLE,95.38461538461539
random,0,0.0,63,130,18,6,6,RLE,95.38461538461539
random,0,0.0,64,130,18,6,6,RLE,95.38461538461539
random,0,0.0,65,130,18,6,6,RLE,95.38461538461539
random,0,0.0,66,130,18,6,6,RLE,95.38461538461539
random,0,0.0,67,130,18,6,6,RLE,95.38461538461539
random,0,0.0,68,130,18,6,6,RLE,95.38461538461539
random,0,0.0,69,130,18,6,6,RLE,95.38461538461539
random,0,0.0,70,130,18,6,6,RLE,95.38461538461539
random,0,0.0,71,130,18,6,6,RLE,95.38461538461539
random,0,0.0,72,130,18,6,6,RLE,95.38461538461539
random,0,0.0,73,130,18,6,6,RLE,95.38461538461539
random,0,0.0,74,130,18,6,6,RLE,95.38461538461539
random,0,0.0,75,130,18,6,6,RLE,95.38461538461539
random,0,0.0,76,130,18,6,6,RLE,95.38461538461539
random,0,0.0,77,130,18,6,6,RLE,95.38461538461539
random,0,0.0,78,130,18,6,6,RLE,95.38461538461539
random,0,0.0,79,130,18,6,6,RLE,95.38461538461539
random,0,0.0,80,130,18,6,6,RLE,95.38461538461539
random,0,0.0,81,130,18,6,6,RLE,95.38461538461539
random,0,0.0,82,130,18,6,6,RLE,95.38461538461539
random,0,0.0,83,130,18,6,6,RLE,95.38461538461539
random,0,0.0,84,130,18,6,6,RLE,95.38461538461539
random,0,0.0,85,130,18,6,6,RLE,95.38461538461539
random,0,0.0,86,130,18,6,6,RLE,95.38461538461539
random,0,0.0,87,130,18,6,6,RLE,95.38461538461539
random,0,0.0,88,130,18,6,6,RLE,95.38461538461539
random,0,0.0,89,130,18,6,6,RLE,95.38461538461539
random,0,0.0,90,130,18,6,6,RLE,95.38461538461539
random,0,0.0,91,130,18,6,6,RLE,95.38461538461539
random,0,0.0,92,130,18,6,6,RLE,95.38461538461539
random,0,0.0,93,130,18,6,6,RLE,95.38461538461539
random,0,0.0,94,130,18,6,6,RLE,95.38461538461539
random,0,0.0,95,130,18,6,6,RLE,95.38461538461539
random,0,0.0,96,130,18,6,6,RLE,95.38461538461539
random,0,0.0,97,130,18,6,6,RLE,95.38461538461539
random,0,0.0,98,130,18,6,6,RLE,95.38461538461539
random,0,0.0,99,130,18,6,6,RLE,95.38461538461539
random,1,0.0625,0,130,26,18,18,RLE,86.15384615384616
random,1,0.0625,1,130,26,18,18,RLE,86.15384615384616
random,1,0.0625,2,130,26,18,18,RLE,86.15384615384616
random,1,0.0625,3,130,26,18,18,RLE,86.15384615384616
random,1,0.0625,4,130,26,18,18,RLE,86.15384615384616
random,1,0.0625,5,130,26,18,18,RLE,86.15384615384616
random,1,0.0625,6,130,26,18,18,RLE,86.15384615384616
random,1,0.0625,7,130,26,18,18,RLE,86.15384615384616
random,1,0.0625,8,130,26,18,18,RLE,86.15384615384616
random,1,0.0625,9,130,26,18,18,RLE,86.15384615384616
random,1,0.0625,10,130,26,18,18,RLE,86.15384615384616
random,1,0.0625,11,130,26,18,18,RLE,86.15384615384616
random,1,0.0625,12,130,26,18,18,RLE,86.15384615384616
random,1,0.0625,13,130,26,18,18,RLE,86.15384615384616
random,1,0.0625,14,130,26,18,18,RLE,86.15384615384616
random,1,0.0625,15,130,26,18,18,RLE,86.15384615384616
random,1,0.0625,16,130,26,18,18,RLE,86.15384615384616
random,1,0.0625,17,130,26,18,18,RLE,86.15384615384616
random,1,0.0625,18,130,26,18,18,RLE,86.15384615384616
random,1,0.0625,19,130,26,18,18,RLE,86.15384615384616
random,1,0.0625,20,130,26,18,18,RLE,86.15384615384616
random,1,0.0625,21,130,26,18,18,RLE,86.15384615384616
random,1,0.0625,22,130,26,18,18,RLE,86.15384615384616
random,1,0.0625,23,130,26,18,18,RLE,86.15384615384616
random,1,0.0625,24,130,26,18,18,RLE,86.15384615384616
random,1,0.0625,25,130,26,18,18,RLE,86.15384615384616
random,1,0.0625,26,130,26,18,18,RLE,86.15384615384616
random,1,0.0625,27,130,26,18,18,RLE,86.15384615384616
random,1,0.0625,28,130,26,18,18,RLE,86.15384615384616
random,1,0.0625,29,130,26,18,18,RLE,86.15384615384616
random,1,0.0625,30,130,26,18,18,RLE,86.15384615384616
random,1,0.0625,31,130,26,18,18,RLE,86.15384615384616
random,1,0.0625,32,130,26,18,18,RLE,86.15384615384616
random,1,0.0625,33,130,26,18,18,RLE,86.15384615384616
random,1,0.0625,34,130,26,18,18,RLE,86.15384615384616
random,1,0.0625,35,130,26,18,18,RLE,86.15384615384616
random,1,0.0625,36,130,26,18,18,RLE,86.15384615384616
random,1,0.0625,37,130,26,18,18,RLE,86.15384615384616
random,1,0.0625,38,130,26,18,18,RLE,86.15384615384616
random,1,0.0625,39,130,26,18,18,RLE,86.15384615384616
random,1,0.0625,40,130,26,18,18,RLE,86.15384615384616
random,1,0.0625,41,130,26,18,18,RLE,86.15384615384616
random,1,0.0625,42,130,26,18,18,RLE,86.15384615384616
random,1,0.0625,43,130,26,18,18,RLE,86.15384615384616
random,1,0.0625,44,130,26,18,18,RLE,86.15384615384616
random,1,0.0625,45,130,26,18,18,RLE,86.15384615384616
random,1,0.0625,46,130,26,18,18,RLE,86.15384615384616
random,1,0.0625,47,130,26,18,18,RLE,86.15384615384616
random,1,0.0625,48,130,26,18,18,RLE,86.15384615384616
random,1,0.0625,49,130,26,18,18,RLE,86.15384615384616
random,1,0.0625,50,130,26,18,18,RLE,86.15384615384616
random,1,0.0625,51,130,26,18,18,RLE,86.15384615384616
random,1,0.0625,52,130,26,18,18,RLE,86.15384615384616
random,1,0.0625,53,130,26,18,18,RLE,86.15384615384616
random,1,0.0625,54,130,26,18,18,RLE,86.15384615384616
random,1,0.0625,55,130,26,18,18,RLE,86.15384615384616
random,1,0.0625,56,130,26,18,18,RLE,86.15384615384616
random,1,0.0625,57,130,26,18,18,RLE,86.15384615384616
random,1,0.0625,58,130,26,18,18,RLE,86.15384615384616
random,1,0.0625,59,130,26,18,18,RLE,86.15384615384616
random,1,0.0625,60,130,26,18,18,RLE,86.15384615384616
random,1,0.0625,61,130,26,18,18,RLE,86.15384615384616
random,1,0.0625,62,130,26,18,18,RLE,86.15384615384616
random,1,0.0625,63,130,26,18,18,RLE,86.15384615384616
random,1,0.0625,64,130,26,18,18,RLE,86.15384615384616
random,1,0.0625,65,130,26,18,18,RLE,86.15384615384616
random,1,0.0625,66,130,26,18,18,RLE,86.15384615384616
random,1,0.0625,67,130,26,18,18,RLE,86.15384615384616
random,1,0.0625,68,130,26,18,18,RLE,86.15384615384616
random,1,0.0625,69,130,26,18,18,RLE,86.15384615384616
random,1,0.0625,70,130,26,18,18,RLE,86.15384615384616
random,1,0.0625,71,130,26,18,18,RLE,86.15384615384616
random,1,0.0625,72,130,26,18,18,RLE,86.15384615384616
random,1,0.0625,73,130,26,18,18,RLE,86.15384615384616
random,1,0.0625,74,130,26,18,18,RLE,86.15384615384616
random,1,0.0625,75,130,26,18,18,RLE,86.15384615384616
random,1,0.0625,76,130,26,18,18,RLE,86.15384615384616
random,1,0.0625,77,130,26,18,18,RLE,86.15384615384616
random,1,0.0625,78,130,26,18,18,RLE,86.15384615384616
random,1,0.0625,79,130,26,18,18,RLE,86.15384615384616
random,1,0.0625,80,130,26,18,18,RLE,86.15384615384616
random,1,0.0625,81,130,26,18,18,RLE,86.15384615384616
random,1,0.0625,82,130,26,18,18,RLE,86.15384615384616
random,1,0.0625,83,130,26,18,18,RLE,86.15384615384616
random,1,0.0625,84,130,26,18,18,RLE,86.15384615384616
random,1,0.0625,85,130,26,18,18,RLE,86.15384615384616
random,1,0.0625,86,130,26,18,18,RLE,86.15384615384616
random,1,0.0625,87,130,26,18,18,RLE,86.15384615384616
random,1,0.0625,88,130,26,18,18,RLE,86.15384615384616
random,1,0.0625,89,130,26,18,18,RLE,86.15384615384616
random,1,0.0625,90,130,26,18,18,RLE,86.15384615384616
random,1,0.0625,91,130,26,18,18,RLE,86.15384615384616
random,1,0.0625,92,130,26,18,18,RLE,86.15384615384616
random,1,0.0625,93,130,26,18,18,RLE,86.15384615384616
random,1,0.0625,94,130,26,18,18,RLE,86.15384615384616
random,1,0.0625,95,130,26,18,18,RLE,86.15384615384616
random,1,0.0625,96,130,26,18,18,RLE,86.15384615384616
random,1,0.0625,97,130,26,18,18,RLE,86.15384615384616
random,1,0.0625,98,130,26,18,18,RLE,86.15384615384616
random,1,0.0625,99,130,26,18,18,RLE,86.15384615384616
random,2,0.125,0,130,34,30,30,RLE,76.92307692307692
random,2,0.125,1,130,34,30,30,RLE,76.92307692307692
random,2,0.125,2,130,34,30,30,RLE,76.92307692307692
random,2,0.125,3,130,34,30,30,RLE,76.92307692307692
random,2,0.125,4,130,34,30,30,RLE,76.92307692307692
random,2,0.125,5,130,34,30,30,RLE,76.92307692307692
random,2,0.125,6,130,34,30,30,RLE,76.92307692307692
random,2,0.125,7,130,34,30,30,RLE,76.92307692307692
random,2,0.125,8,130,34,30,30,RLE,76.92307692307692
random,2,0.125,9,130,34,30,30,RLE,76.92307692307692
random,2,0.125,10,130,34,30,30,RLE,76.92307692307692
random,2,0.125,11,130,34,30,30,RLE,76.92307692307692
random,2,0.125,12,130,34,30,30,RLE,76.92307692307692
random,2,0.125,13,130,34,30,30,RLE,76.92307692307692
random,2,0.125,14,130,34,30,30,RLE,76.92307692307692
random,2,0.125,15,130,34,30,30,RLE,76.92307692307692
random,2,0.125,16,130,34,30,30,RLE,76.92307692307692
random,2,0.125,17,130,34,30,30,RLE,76.92307692307692
random,2,0.125,18,130,34,30,30,RLE,76.92307692307692
random,2,0.125,19,130,34,30,30,RLE,76.92307692307692
random,2,0.125,20,130,34,30,30,RLE,76.92307692307692
random,2,0.125,21,130,34,30,30,RLE,76.92307692307692
random,2,0.125,22,130,34,30,30,RLE,76.92307692307692
random,2,0.125,23,130,34,30,30,RLE,76.92307692307692
random,2,0.125,24,130,34,30,30,RLE,76.92307692307692
random,2,0.125,25,130,34,30,30,RLE,76.92307692307692
random,2,0.125,26,130,34,30,30,RLE,76.92307692307692
random,2,0.125,27,130,34,30,30,RLE,76.92307692307692
random,2,0.125,28,130,34,30,30,RLE,76.92307692307692
random,2,0.125,29,130,34,30,30,RLE,76.92307692307692
random,2,0.125,30,130,34,30,30,RLE,76.92307692307692
random,2,0.125,31,130,34,30,30,RLE,76.92307692307692
random,2,0.125,32,130,34,30,30,RLE,76.92307692307692
random,2,0.125,33,130,34,30,30,RLE,76.92307692307692
random,2,0.125,34,130,34,30,30,RLE,76.92307692307692
random,2,0.125,35,130,34,30,30,RLE,76.92307692307692
random,2,0.125,36,130,34,30,30,RLE,76.92307692307692
random,2,0.125,37,130,34,30,30,RLE,76.92307692307692
random,2,0.125,38,130,34,30,30,RLE,76.92307692307692
random,2,0.125,39,130,34,30,30,RLE,76.92307692307692
random,2,0.125,40,130,34,30,30,RLE,76.92307692307692
random,2,0.125,41,130,34,30,30,RLE,76.92307692307692
random,2,0.125,42,130,34,30,30,RLE,76.92307692307692
random,2,0.125,43,130,34,30,30,RLE,76.92307692307692
random,2,0.125,44,130,34,30,30,RLE,76.92307692307692
random,2,0.125,45,130,34,30,30,RLE,76.92307692307692
random,2,0.125,46,130,34,30,30,RLE,76.92307692307692
random,2,0.125,47,130,34,30,30,RLE,76.92307692307692
random,2,0.125,48,130,34,30,30,RLE,76.92307692307692
random,2,0.125,49,130,34,30,30,RLE,76.92307692307692
random,2,0.125,50,130,34,30,30,RLE,76.92307692307692
random,2,0.125,51,130,34,30,30,RLE,76.92307692307692
random,2,0.125,52,130,34,30,30,RLE,76.92307692307692
random,2,0.125,53,130,34,30,30,RLE,76.92307692307692
random,2,0.125,54,130,34,30,30,RLE,76.92307692307692
random,2,0.125,55,130,34,30,30,RLE,76.92307692307692
random,2,0.125,56,130,34,30,30,RLE,76.92307692307692
random,2,0.125,57,130,34,30,30,RLE,76.92307692307692
random,2,0.125,58,130,34,30,30,RLE,76.92307692307692
random,2,0.125,59,130,34,30,30,RLE,76.92307692307692
random,2,0.125,60,130,34,30,30,RLE,76.92307692307692
random,2,0.125,61,130,34,30,30,RLE,76.92307692307692
random,2,0.125,62,130,34,30,30,RLE,76.92307692307692
random,2,0.125,63,130,34,30,30,RLE,76.92307692307692
random,2,0.125,64,130,34,30,30,RLE,76.92307692307692
random,2,0.125,65,130,34,30,30,RLE,76.92307692307692
random,2,0.125,66,130,34,30,30,RLE,76.92307692307692
random,2,0.125,67,130,34,30,30,RLE,76.92307692307692
random,2,0.125,68,130,34,30,30,RLE,76.92307692307692
random,2,0.125,69,130,34,30,30,RLE,76.92307692307692
random,2,0.125,70,130,34,30,30,RLE,76.92307692307692
random,2,0.125,71,130,34,30,30,RLE,76.92307692307692
random,2,0.125,72,130,34,30,30,RLE,76.92307692307692
random,2,0.125,73,130,34,30,30,RLE,76.92307692307692
random,2,0.125,74,130,34,30,30,RLE,76.92307692307692
random,2,0.125,75,130,34,30,30,RLE,76.92307692307692
random,2,0.125,76,130,34,30,30,RLE,76.92307692307692
random,2,0.125,77,130,34,30,30,RLE,76.92307692307692
random,2,0.125,78,130,34,30,30,RLE,76.92307692307692
random,2,0.125,79,130,34,30,30,RLE,76.92307692307692
random,2,0.125,80,130,34,30,30,RLE,76.92307692307692
random,2,0.125,81,130,34,30,30,RLE,76.92307692307692
random,2,0.125,82,130,34,30,30,RLE,76.92307692307692
random,2,0.125,83,130,34,30,30,RLE,76.92307692307692
random,2,0.125,84,130,34,30,30,RLE,76.92307692307692
random,2,0.125,85,130,34,30,30,RLE,76.92307692307692
random,2,0.125,86,130,34,30,30,RLE,76.92307692307692
random,2,0.125,87,130,34,30,30,RLE,76.92307692307692
random,2,0.125,88,130,34,30,30,RLE,76.92307692307692
random,2,0.125,89,130,34,30,30,RLE,76.92307692307692
random,2,0.125,90,130,34,30,30,RLE,76.92307692307692
random,2,0.125,91,130,34,30,30,RLE,76.92307692307692
random,2,0.125,92,130,34,30,30,RLE,76.92307692307692
random,2,0.125,93,130,34,30,30,RLE,76.92307692307692
random,2,0.125,94,130,34,30,30,RLE,76.92307692307692
random,2,0.125,95,130,34,30,30,RLE,76.92307692307692
random,2,0.125,96,130,34,30,30,RLE,76.92307692307692
random,2,0.125,97,130,34,30,30,RLE,76.92307692307692
random,2,0.125,98,130,34,30,30,RLE,76.92307692307692
random,2,0.125,99,130,34,30,30,RLE,76.92307692307692
random,3,0.1875,0,130,42,42,42,BITMAP,67.6923076923077
random,3,0.1875,1,130,42,42,42,BITMAP,67.6923076923077
random,3,0.1875,2,130,42,42,42,BITMAP,67.6923076923077
random,3,0.1875,3,130,42,42,42,BITMAP,67.6923076923077
random,3,0.1875,4,130,42,42,42,BITMAP,67.6923076923077
random,3,0.1875,5,130,42,42,42,BITMAP,67.6923076923077
random,3,0.1875,6,130,42,42,42,BITMAP,67.6923076923077
random,3,0.1875,7,130,42,42,42,BITMAP,67.6923076923077
random,3,0.1875,8,130,42,42,42,BITMAP,67.6923076923077
random,3,0.1875,9,130,42,42,42,BITMAP,67.6923076923077
random,3,0.1875,10,130,42,42,42,BITMAP,67.6923076923077
random,3,0.1875,11,130,42,42,42,BITMAP,67.6923076923077
random,3,0.1875,12,130,42,42,42,BITMAP,67.6923076923077
random,3,0.1875,13,130,42,42,42,BITMAP,67.6923076923077
random,3,0.1875,14,130,42,42,42,BITMAP,67.6923076923077
random,3,0.1875,15,130,42,42,42,BITMAP,67.6923076923077
random,3,0.1875,16,130,42,42,42,BITMAP,67.6923076923077
random,3,0.1875,17,130,42,42,42,BITMAP,67.6923076923077
random,3,0.1875,18,130,42,42,42,BITMAP,67.6923076923077
random,3,0.1875,19,130,42,42,42,BITMAP,67.6923076923077
random,3,0.1875,20,130,42,42,42,BITMAP,67.6923076923077
random,3,0.1875,21,130,42,42,42,BITMAP,67.6923076923077
random,3,0.1875,22,130,42,42,42,BITMAP,67.6923076923077
random,3,0.1875,23,130,42,42,42,BITMAP,67.6923076923077
random,3,0.1875,24,130,42,42,42,BITMAP,67.6923076923077
random,3,0.1875,25,130,42,42,42,BITMAP,67.6923076923077
random,3,0.1875,26,130,42,42,42,BITMAP,67.6923076923077
random,3,0.1875,27,130,42,42,42,BITMAP,67.6923076923077
random,3,0.1875,28,130,42,42,42,BITMAP,67.6923076923077
random,3,0.1875,29,130,42,42,42,BITMAP,67.6923076923077
random,3,0.1875,30,130,42,42,42,BITMAP,67.6923076923077
random,3,0.1875,31,130,42,42,42,BITMAP,67.6923076923077
random,3,0.1875,32,130,42,42,42,BITMAP,67.6923076923077
random,3,0.1875,33,130,42,42,42,BITMAP,67.6923076923077
random,3,0.1875,34,130,42,42,42,BITMAP,67.6923076923077
random,3,0.1875,35,130,42,42,42,BITMAP,67.6923076923077
random,3,0.1875,36,130,42,42,42,BITMAP,67.6923076923077
random,3,0.1875,37,130,42,42,42,BITMAP,67.6923076923077
random,3,0.1875,38,130,42,42,42,BITMAP,67.6923076923077
random,3,0.1875,39,130,42,42,42,BITMAP,67.6923076923077
random,3,0.1875,40,130,42,42,42,BITMAP,67.6923076923077
random,3,0.1875,41,130,42,42,42,BITMAP,67.6923076923077
random,3,0.1875,42,130,42,42,42,BITMAP,67.6923076923077
random,3,0.1875,43,130,42,42,42,BITMAP,67.6923076923077
random,3,0.1875,44,130,42,42,42,BITMAP,67.6923076923077
random,3,0.1875,45,130,42,42,42,BITMAP,67.6923076923077
random,3,0.1875,46,130,42,42,42,BITMAP,67.6923076923077
random,3,0.1875,47,130,42,42,42,BITMAP,67.6923076923077
random,3,0.1875,48,130,42,42,42,BITMAP,67.6923076923077
random,3,0.1875,49,130,42,42,42,BITMAP,67.6923076923077
random,3,0.1875,50,130,42,42,42,BITMAP,67.6923076923077
random,3,0.1875,51,130,42,42,42,BITMAP,67.6923076923077
random,3,0.1875,52,130,42,42,42,BITMAP,67.6923076923077
random,3,0.1875,53,130,42,42,42,BITMAP,67.6923076923077
random,3,0.1875,54,130,42,42,42,BITMAP,67.6923076923077
random,3,0.1875,55,130,42,42,42,BITMAP,67.6923076923077
random,3,0.1875,56,130,42,42,42,BITMAP,67.6923076923077
random,3,0.1875,57,130,42,42,42,BITMAP,67.6923076923077
random,3,0.1875,58,130,42,42,42,BITMAP,67.6923076923077
random,3,0.1875,59,130,42,42,42,BITMAP,67.6923076923077
random,3,0.1875,60,130,42,42,42,BITMAP,67.6923076923077
random,3,0.1875,61,130,42,42,42,BITMAP,67.6923076923077
random,3,0.1875,62,130,42,42,42,BITMAP,67.6923076923077
random,3,0.1875,63,130,42,42,42,BITMAP,67.6923076923077
random,3,0.1875,64,130,42,42,42,BITMAP,67.6923076923077
random,3,0.1875,65,130,42,42,42,BITMAP,67.6923076923077
random,3,0.1875,66,130,42,42,42,BITMAP,67.6923076923077
random,3,0.1875,67,130,42,42,42,BITMAP,67.6923076923077
random,3,0.1875,68,130,42,42,42,BITMAP,67.6923076923077
random,3,0.1875,69,130,42,42,42,BITMAP,67.6923076923077
random,3,0.1875,70,130,42,42,42,BITMAP,67.6923076923077
random,3,0.1875,71,130,42,42,42,BITMAP,67.6923076923077
random,3,0.1875,72,130,42,42,42,BITMAP,67.6923076923077
random,3,0.1875,73,130,42,42,42,BITMAP,67.6923076923077
random,3,0.1875,74,130,42,42,42,BITMAP,67.6923076923077
random,3,0.1875,75,130,42,42,42,BITMAP,67.6923076923077
random,3,0.1875,76,130,42,42,42,BITMAP,67.6923076923077
random,3,0.1875,77,130,42,42,42,BITMAP,67.6923076923077
random,3,0.1875,78,130,42,42,42,BITMAP,67.6923076923077
random,3,0.1875,79,130,42,42,42,BITMAP,67.6923076923077
random,3,0.1875,80,130,42,42,42,BITMAP,67.6923076923077
random,3,0.1875,81,130,42,42,42,BITMAP,67.6923076923077
random,3,0.1875,82,130,42,42,42,BITMAP,67.6923076923077
random,3,0.1875,83,130,42,42,42,BITMAP,67.6923076923077
random,3,0.1875,84,130,42,42,42,BITMAP,67.6923076923077
random,3,0.1875,85,130,42,42,42,BITMAP,67.6923076923077
random,3,0.1875,86,130,42,42,42,BITMAP,67.6923076923077
random,3,0.1875,87,130,42,42,42,BITMAP,67.6923076923077
random,3,0.1875,88,130,42,42,42,BITMAP,67.6923076923077
random,3,0.1875,89,130,42,42,42,BITMAP,67.6923076923077
random,3,0.1875,90,130,42,42,42,BITMAP,67.6923076923077
random,3,0.1875,91,130,42,42,42,BITMAP,67.6923076923077
random,3,0.1875,92,130,42,42,42,BITMAP,67.6923076923077
random,3,0.1875,93,130,42,42,42,BITMAP,67.6923076923077
random,3,0.1875,94,130,42,42,42,BITMAP,67.6923076923077
random,3,0.1875,95,130,42,42,42,BITMAP,67.6923076923077
random,3,0.1875,96,130,42,42,42,BITMAP,67.6923076923077
random,3,0.1875,97,130,42,42,42,BITMAP,67.6923076923077
random,3,0.1875,98,130,42,42,42,BITMAP,67.6923076923077
random,3,0.1875,99,130,42,42,42,BITMAP,67.6923076923077
random,4,0.25,0,130,50,54,50,BITMAP,61.53846153846154
random,4,0.25,1,130,50,54,50,BITMAP,61.53846153846154
random,4,0.25,2,130,50,54,50,BITMAP,61.53846153846154
random,4,0.25,3,130,50,54,50,BITMAP,61.53846153846154
random,4,0.25,4,130,50,54,50,BITMAP,61.53846153846154
random,4,0.25,5,130,50,54,50,BITMAP,61.53846153846154
random,4,0.25,6,130,50,54,50,BITMAP,61.53846153846154
random,4,0.25,7,130,50,54,50,BITMAP,61.53846153846154
random,4,0.25,8,130,50,54,50,BITMAP,61.53846153846154
random,4,0.25,9,130,50,54,50,BITMAP,61.53846153846154
random,4,0.25,10,130,50,54,50,BITMAP,61.53846153846154
random,4,0.25,11,130,50,54,50,BITMAP,61.53846153846154
random,4,0.25,12,130,50,54,50,BITMAP,61.53846153846154
random,4,0.25,13,130,50,54,50,BITMAP,61.53846153846154
random,4,0.25,14,130,50,54,50,BITMAP,61.53846153846154
random,4,0.25,15,130,50,54,50,BITMAP,61.53846153846154
random,4,0.25,16,130,50,54,50,BITMAP,61.53846153846154
random,4,0.25,17,130,50,54,50,BITMAP,61.53846153846154
random,4,0.25,18,130,50,54,50,BITMAP,61.53846153846154
random,4,0.25,19,130,50,54,50,BITMAP,61.53846153846154
random,4,0.25,20,130,50,54,50,BITMAP,61.53846153846154
random,4,0.25,21,130,50,54,50,BITMAP,61.53846153846154
random,4,0.25,22,130,50,54,50,BITMAP,61.53846153846154
random,4,0.25,23,130,50,54,50,BITMAP,61.53846153846154
random,4,0.25,24,130,50,54,50,BITMAP,61.53846153846154
random,4,0.25,25,130,50,54,50,BITMAP,61.53846153846154
random,4,0.25,26,130,50,54,50,BITMAP,61.53846153846154
random,4,0.25,27,130,50,54,50,BITMAP,61.53846153846154
random,4,0.25,28,130,50,54,50,BITMAP,61.53846153846154
random,4,0.25,29,130,50,54,50,BITMAP,61.53846153846154
random,4,0.25,30,130,50,54,50,BITMAP,61.53846153846154
random,4,0.25,31,130,50,54,50,BITMAP,61.53846153846154
random,4,0.25,32,130,50,54,50,BITMAP,61.53846153846154
random,4,0.25,33,130,50,54,50,BITMAP,61.53846153846154
random,4,0.25,34,130,50,54,50,BITMAP,61.53846153846154
random,4,0.25,35,130,50,54,50,BITMAP,61.53846153846154
random,4,0.25,36,130,50,54,50,BITMAP,61.53846153846154
random,4,0.25,37,130,50,54,50,BITMAP,61.53846153846154
random,4,0.25,38,130,50,54,50,BITMAP,61.53846153846154
random,4,0.25,39,130,50,54,50,BITMAP,61.53846153846154
random,4,0.25,40,130,50,54,50,BITMAP,61.53846153846154
random,4,0.25,41,130,50,54,50,BITMAP,61.53846153846154
random,4,0.25,42,130,50,54,50,BITMAP,61.53846153846154
random,4,0.25,43,130,50,54,50,BITMAP,61.53846153846154
random,4,0.25,44,130,50,54,50,BITMAP,61.53846153846154
random,4,0.25,45,130,50,54,50,BITMAP,61.53846153846154
random,4,0.25,46,130,50,54,50,BITMAP,61.53846153846154
random,4,0.25,47,130,50,54,50,BITMAP,61.53846153846154
random,4,0.25,48,130,50,54,50,BITMAP,61.53846153846154
random,4,0.25,49,130,50,54,50,BITMAP,61.53846153846154
random,4,0.25,50,130,50,54,50,BITMAP,61.53846153846154
random,4,0.25,51,130,50,54,50,BITMAP,61.53846153846154
random,4,0.25,52,130,50,54,50,BITMAP,61.53846153846154
random,4,0.25,53,130,50,54,50,BITMAP,61.53846153846154
random,4,0.25,54,130,50,54,50,BITMAP,61.53846153846154
random,4,0.25,55,130,50,54,50,BITMAP,61.53846153846154
random,4,0.25,56,130,50,54,50,BITMAP,61.53846153846154
random,4,0.25,57,130,50,54,50,BITMAP,61.53846153846154
random,4,0.25,58,130,50,54,50,BITMAP,61.53846153846154
random,4,0.25,59,130,50,54,50,BITMAP,61.53846153846154
random,4,0.25,60,130,50,54,50,BITMAP,61.53846153846154
random,4,0.25,61,130,50,54,50,BITMAP,61.53846153846154
random,4,0.25,62,130,50,54,50,BITMAP,61.53846153846154
random,4,0.25,63,130,50,54,50,BITMAP,61.53846153846154
random,4,0.25,64,130,50,54,50,BITMAP,61.53846153846154
random,4,0.25,65,130,50,54,50,BITMAP,61.53846153846154
random,4,0.25,66,130,50,54,50,BITMAP,61.53846153846154
random,4,0.25,67,130,50,54,50,BITMAP,61.53846153846154
random,4,0.25,68,130,50,54,50,BITMAP,61.53846153846154
random,4,0.25,69,130,50,54,50,BITMAP,61.53846153846154
random,4,0.25,70,130,50,54,50,BITMAP,61.53846153846154
random,4,0.25,71,130,50,54,50,BITMAP,61.53846153846154
random,4,0.25,72,130,50,54,50,BITMAP,61.53846153846154
random,4,0.25,73,130,50,54,50,BITMAP,61.53846153846154
random,4,0.25,74,130,50,54,50,BITMAP,61.53846153846154
random,4,0.25,75,130,50,54,50,BITMAP,61.53846153846154
random,4,0.25,76,130,50,54,50,BITMAP,61.53846153846154
random,4,0.25,77,130,50,54,50,BITMAP,61.53846153846154
random,4,0.25,78,130,50,54,50,BITMAP,61.53846153846154
random,4,0.25,79,130,50,54,50,BITMAP,61.53846153846154
random,4,0.25,80,130,50,54,50,BITMAP,61.53846153846154
random,4,0.25,81,130,50,54,50,BITMAP,61.53846153846154
random,4,0.25,82,130,50,54,50,BITMAP,61.53846153846154
random,4,0.25,83,130,50,54,50,BITMAP,61.53846153846154
random,4,0.25,84,130,50,54,50,BITMAP,61.53846153846154
random,4,0.25,85,130,50,54,50,BITMAP,61.53846153846154
random,4,0.25,86,130,50,54,50,BITMAP,61.53846153846154
random,4,0.25,87,130,50,54,50,BITMAP,61.53846153846154
random,4,0.25,88,130,50,54,50,BITMAP,61.53846153846154
random,4,0.25,89,130,50,54,50,BITMAP,61.53846153846154
random,4,0.25,90,130,50,54,50,BITMAP,61.53846153846154
random,4,0.25,91,130,50,54,50,BITMAP,61.53846153846154
random,4,0.25,92,130,50,54,50,BITMAP,61.53846153846154
random,4,0.25,93,130,50,54,50,BITMAP,61.53846153846154
random,4,0.25,94,130,50,54,50,BITMAP,61.53846153846154
random,4,0.25,95,130,50,54,50,BITMAP,61.53846153846154
random,4,0.25,96,130,50,54,50,BITMAP,61.53846153846154
random,4,0.25,97,130,50,54,50,BITMAP,61.53846153846154
random,4,0.25,98,130,50,54,50,BITMAP,61.53846153846154
random,4,0.25,99,130,50,54,50,BITMAP,61.53846153846154
random,5,0.3125,0,130,58,66,58,BITMAP,55.38461538461539
random,5,0.3125,1,130,58,66,58,BITMAP,55.38461538461539
random,5,0.3125,2,130,58,66,58,BITMAP,55.38461538461539
random,5,0.3125,3,130,58,66,58,BITMAP,55.38461538461539
random,5,0.3125,4,130,58,66,58,BITMAP,55.38461538461539
random,5,0.3125,5,130,58,66,58,BITMAP,55.38461538461539
random,5,0.3125,6,130,58,66,58,BITMAP,55.38461538461539
random,5,0.3125,7,130,58,66,58,BITMAP,55.38461538461539
random,5,0.3125,8,130,58,66,58,BITMAP,55.38461538461539
random,5,0.3125,9,130,58,66,58,BITMAP,55.38461538461539
random,5,0.3125,10,130,58,66,58,BITMAP,55.38461538461539
random,5,0.3125,11,130,58,66,58,BITMAP,55.38461538461539
random,5,0.3125,12,130,58,66,58,BITMAP,55.38461538461539
random,5,0.3125,13,130,58,66,58,BITMAP,55.38461538461539
random,5,0.3125,14,130,58,66,58,BITMAP,55.38461538461539
random,5,0.3125,15,130,58,66,58,BITMAP,55.38461538461539
random,5,0.3125,16,130,58,66,58,BITMAP,55.38461538461539
random,5,0.3125,17,130,58,66,58,BITMAP,55.38461538461539
random,5,0.3125,18,130,58,66,58,BITMAP,55.38461538461539
random,5,0.3125,19,130,58,66,58,BITMAP,55.38461538461539
random,5,0.3125,20,130,58,66,58,BITMAP,55.38461538461539
random,5,0.3125,21,130,58,66,58,BITMAP,55.38461538461539
random,5,0.3125,22,130,58,66,58,BITMAP,55.38461538461539
random,5,0.3125,23,130,58,66,58,BITMAP,55.38461538461539
random,5,0.3125,24,130,58,66,58,BITMAP,55.38461538461539
random,5,0.3125,25,130,58,66,58,BITMAP,55.38461538461539
random,5,0.3125,26,130,58,66,58,BITMAP,55.38461538461539
random,5,0.3125,27,130,58,66,58,BITMAP,55.38461538461539
random,5,0.3125,28,130,58,66,58,BITMAP,55.38461538461539
random,5,0.3125,29,130,58,66,58,BITMAP,55.38461538461539
random,5,0.3125,30,130,58,66,58,BITMAP,55.38461538461539
random,5,0.3125,31,130,58,66,58,BITMAP,55.38461538461539
random,5,0.3125,32,130,58,66,58,BITMAP,55.38461538461539
random,5,0.3125,33,130,58,66,58,BITMAP,55.38461538461539
random,5,0.3125,34,130,58,66,58,BITMAP,55.38461538461539
random,5,0.3125,35,130,58,66,58,BITMAP,55.38461538461539
random,5,0.3125,36,130,58,66,58,BITMAP,55.38461538461539
random,5,0.3125,37,130,58,66,58,BITMAP,55.38461538461539
random,5,0.3125,38,130,58,66,58,BITMAP,55.38461538461539
random,5,0.3125,39,130,58,66,58,BITMAP,55.38461538461539
random,5,0.3125,40,130,58,66,58,BITMAP,55.38461538461539
random,5,0.3125,41,130,58,66,58,BITMAP,55.38461538461539
random,5,0.3125,42,130,58,66,58,BITMAP,55.38461538461539
random,5,0.3125,43,130,58,66,58,BITMAP,55.38461538461539
random,5,0.3125,44,130,58,66,58,BITMAP,55.38461538461539
random,5,0.3125,45,130,58,66,58,BITMAP,55.38461538461539
random,5,0.3125,46,130,58,66,58,BITMAP,55.38461538461539
random,5,0.3125,47,130,58,66,58,BITMAP,55.38461538461539
random,5,0.3125,48,130,58,66,58,BITMAP,55.38461538461539
random,5,0.3125,49,130,58,66,58,BITMAP,55.38461538461539
random,5,0.3125,50,130,58,66,58,BITMAP,55.38461538461539
random,5,0.3125,51,130,58,66,58,BITMAP,55.38461538461539
random,5,0.3125,52,130,58,66,58,BITMAP,55.38461538461539
random,5,0.3125,53,130,58,66,58,BITMAP,55.38461538461539
random,5,0.3125,54,130,58,66,58,BITMAP,55.38461538461539
random,5,0.3125,55,130,58,66,58,BITMAP,55.38461538461539
random,5,0.3125,56,130,58,66,58,BITMAP,55.38461538461539
random,5,0.3125,57,130,58,66,58,BITMAP,55.38461538461539
random,5,0.3125,58,130,58,66,58,BITMAP,55.38461538461539
random,5,0.3125,59,130,58,66,58,BITMAP,55.38461538461539
random,5,0.3125,60,130,58,66,58,BITMAP,55.38461538461539
random,5,0.3125,61,130,58,66,58,BITMAP,55.38461538461539
random,5,0.3125,62,130,58,66,58,BITMAP,55.38461538461539
random,5,0.3125,63,130,58,66,58,BITMAP,55.38461538461539
random,5,0.3125,64,130,58,66,58,BITMAP,55.38461538461539
random,5,0.3125,65,130,58,66,58,BITMAP,55.38461538461539
random,5,0.3125,66,130,58,66,58,BITMAP,55.38461538461539
random,5,0.3125,67,130,58,66,58,BITMAP,55.38461538461539
random,5,0.3125,68,130,58,66,58,BITMAP,55.38461538461539
random,5,0.3125,69,130,58,66,58,BITMAP,55.38461538461539
random,5,0.3125,70,130,58,66,58,BITMAP,55.38461538461539
random,5,0.3125,71,130,58,66,58,BITMAP,55.38461538461539
random,5,0.3125,72,130,58,66,58,BITMAP,55.38461538461539
random,5,0.3125,73,130,58,66,58,BITMAP,55.38461538461539
random,5,0.3125,74,130,58,66,58,BITMAP,55.38461538461539
random,5,0.3125,75,130,58,66,58,BITMAP,55.38461538461539
random,5,0.3125,76,130,58,66,58,BITMAP,55.38461538461539
random,5,0.3125,77,130,58,66,58,BITMAP,55.38461538461539
random,5,0.3125,78,130,58,66,58,BITMAP,55.38461538461539
random,5,0.3125,79,130,58,66,58,BITMAP,55.38461538461539
random,5,0.3125,80,130,58,66,58,BITMAP,55.38461538461539
random,5,0.3125,81,130,58,66,58,BITMAP,55.38461538461539
random,5,0.3125,82,130,58,66,58,BITMAP,55.38461538461539
random,5,0.3125,83,130,58,66,58,BITMAP,55.38461538461539
random,5,0.3125,84,130,58,66,58,BITMAP,55.38461538461539
random,5,0.3125,85,130,58,66,58,BITMAP,55.38461538461539
random,5,0.3125,86,130,58,66,58,BITMAP,55.38461538461539
random,5,0.3125,87,130,58,66,58,BITMAP,55.38461538461539
random,5,0.3125,88,130,58,66,58,BITMAP,55.38461538461539
random,5,0.3125,89,130,58,66,58,BITMAP,55.38461538461539
random,5,0.3125,90,130,58,66,58,BITMAP,55.38461538461539
random,5,0.3125,91,130,58,66,58,BITMAP,55.38461538461539
random,5,0.3125,92,130,58,66,58,BITMAP,55.38461538461539
random,5,0.3125,93,130,58,66,58,BITMAP,55.38461538461539
random,5,0.3125,94,130,58,66,58,BITMAP,55.38461538461539
random,5,0.3125,95,130,58,66,58,BITMAP,55.38461538461539
random,5,0.3125,96,130,58,66,58,BITMAP,55.38461538461539
random,5,0.3125,97,130,58,66,58,BITMAP,55.38461538461539
random,5,0.3125,98,130,58,66,58,BITMAP,55.38461538461539
random,5,0.3125,99,130,58,66,58,BITMAP,55.38461538461539
random,6,0.375,0,130,66,78,66,BITMAP,49.23076923076923
random,6,0.375,1,130,66,78,66,BITMAP,49.23076923076923
random,6,0.375,2,130,66,78,66,BITMAP,49.23076923076923
random,6,0.375,3,130,66,78,66,BITMAP,49.23076923076923
random,6,0.375,4,130,66,78,66,BITMAP,49.23076923076923
random,6,0.375,5,130,66,78,66,BITMAP,49.23076923076923
random,6,0.375,6,130,66,78,66,BITMAP,49.23076923076923
random,6,0.375,7,130,66,78,66,BITMAP,49.23076923076923
random,6,0.375,8,130,66,78,66,BITMAP,49.23076923076923
random,6,0.375,9,130,66,78,66,BITMAP,49.23076923076923
random,6,0.375,10,130,66,78,66,BITMAP,49.23076923076923
random,6,0.375,11,130,66,78,66,BITMAP,49.23076923076923
random,6,0.375,12,130,66,78,66,BITMAP,49.23076923076923
random,6,0.375,13,130,66,78,66,BITMAP,49.23076923076923
random,6,0.375,14,130,66,78,66,BITMAP,49.23076923076923
random,6,0.375,15,130,66,78,66,BITMAP,49.23076923076923
random,6,0.375,16,130,66,78,66,BITMAP,49.23076923076923
random,6,0.375,17,130,66,78,66,BITMAP,49.23076923076923
random,6,0.375,18,130,66,78,66,BITMAP,49.23076923076923
random,6,0.375,19,130,66,78,66,BITMAP,49.23076923076923
random,6,0.375,20,130,66,78,66,BITMAP,49.23076923076923
random,6,0.375,21,130,66,78,66,BITMAP,49.23076923076923
random,6,0.375,22,130,66,78,66,BITMAP,49.23076923076923
random,6,0.375,23,130,66,78,66,BITMAP,49.23076923076923
random,6,0.375,24,130,66,78,66,BITMAP,49.23076923076923
random,6,0.375,25,130,66,78,66,BITMAP,49.23076923076923
random,6,0.375,26,130,66,78,66,BITMAP,49.23076923076923
random,6,0.375,27,130,66,78,66,BITMAP,49.23076923076923
random,6,0.375,28,130,66,78,66,BITMAP,49.23076923076923
random,6,0.375,29,130,66,78,66,BITMAP,49.23076923076923
random,6,0.375,30,130,66,78,66,BITMAP,49.23076923076923
random,6,0.375,31,130,66,78,66,BITMAP,49.23076923076923
random,6,0.375,32,130,66,78,66,BITMAP,49.23076923076923
random,6,0.375,33,130,66,78,66,BITMAP,49.23076923076923
random,6,0.375,34,130,66,78,66,BITMAP,49.23076923076923
random,6,0.375,35,130,66,78,66,BITMAP,49.23076923076923
random,6,0.375,36,130,66,78,66,BITMAP,49.23076923076923
random,6,0.375,37,130,66,78,66,BITMAP,49.23076923076923
random,6,0.375,38,130,66,78,66,BITMAP,49.23076923076923
random,6,0.375,39,130,66,78,66,BITMAP,49.23076923076923
random,6,0.375,40,130,66,78,66,BITMAP,49.23076923076923
random,6,0.375,41,130,66,78,66,BITMAP,49.23076923076923
random,6,0.375,42,130,66,78,66,BITMAP,49.23076923076923
random,6,0.375,43,130,66,78,66,BITMAP,49.23076923076923
random,6,0.375,44,130,66,78,66,BITMAP,49.23076923076923
random,6,0.375,45,130,66,78,66,BITMAP,49.23076923076923
random,6,0.375,46,130,66,78,66,BITMAP,49.23076923076923
random,6,0.375,47,130,66,78,66,BITMAP,49.23076923076923
random,6,0.375,48,130,66,78,66,BITMAP,49.23076923076923
random,6,0.375,49,130,66,78,66,BITMAP,49.23076923076923
random,6,0.375,50,130,66,78,66,BITMAP,49.23076923076923
random,6,0.375,51,130,66,78,66,BITMAP,49.23076923076923
random,6,0.375,52,130,66,78,66,BITMAP,49.23076923076923
random,6,0.375,53,130,66,78,66,BITMAP,49.23076923076923
random,6,0.375,54,130,66,78,66,BITMAP,49.23076923076923
random,6,0.375,55,130,66,78,66,BITMAP,49.23076923076923
random,6,0.375,56,130,66,78,66,BITMAP,49.23076923076923
random,6,0.375,57,130,66,78,66,BITMAP,49.23076923076923
random,6,0.375,58,130,66,78,66,BITMAP,49.23076923076923
random,6,0.375,59,130,66,78,66,BITMAP,49.23076923076923
random,6,0.375,60,130,66,78,66,BITMAP,49.23076923076923
random,6,0.375,61,130,66,78,66,BITMAP,49.23076923076923
random,6,0.375,62,130,66,78,66,BITMAP,49.23076923076923
random,6,0.375,63,130,66,78,66,BITMAP,49.23076923076923
random,6,0.375,64,130,66,78,66,BITMAP,49.23076923076923
random,6,0.375,65,130,66,78,66,BITMAP,49.23076923076923
random,6,0.375,66,130,66,78,66,BITMAP,49.23076923076923
random,6,0.375,67,130,66,78,66,BITMAP,49.23076923076923
random,6,0.375,68,130,66,78,66,BITMAP,49.23076923076923
random,6,0.375,69,130,66,78,66,BITMAP,49.23076923076923
random,6,0.375,70,130,66,78,66,BITMAP,49.23076923076923
random,6,0.375,71,130,66,78,66,BITMAP,49.23076923076923
random,6,0.375,72,130,66,78,66,BITMAP,49.23076923076923
random,6,0.375,73,130,66,78,66,BITMAP,49.23076923076923
random,6,0.375,74,130,66,78,66,BITMAP,49.23076923076923
random,6,0.375,75,130,66,78,66,BITMAP,49.23076923076923
random,6,0.375,76,130,66,78,66,BITMAP,49.23076923076923
random,6,0.375,77,130,66,78,66,BITMAP,49.23076923076923
random,6,0.375,78,130,66,78,66,BITMAP,49.23076923076923
random,6,0.375,79,130,66,78,66,BITMAP,49.23076923076923
random,6,0.375,80,130,66,78,66,BITMAP,49.23076923076923
random,6,0.375,81,130,66,78,66,BITMAP,49.23076923076923
random,6,0.375,82,130,66,78,66,BITMAP,49.23076923076923
random,6,0.375,83,130,66,78,66,BITMAP,49.23076923076923
random,6,0.375,84,130,66,78,66,BITMAP,49.23076923076923
random,6,0.375,85,130,66,78,66,BITMAP,49.23076923076923
random,6,0.375,86,130,66,78,66,BITMAP,49.23076923076923
random,6,0.375,87,130,66,78,66,BITMAP,49.23076923076923
random,6,0.375,88,130,66,78,66,BITMAP,49.23076923076923
random,6,0.375,89,130,66,78,66,BITMAP,49.23076923076923
random,6,0.375,90,130,66,78,66,BITMAP,49.23076923076923
random,6,0.375,91,130,66,78,66,BITMAP,49.23076923076923
random,6,0.375,92,130,66,78,66,BITMAP,49.23076923076923
random,6,0.375,93,130,66,78,66,BITMAP,49.23076923076923
random,6,0.375,94,130,66,78,66,BITMAP,49.23076923076923
random,6,0.375,95,130,66,78,66,BITMAP,49.23076923076923
random,6,0.375,96,130,66,78,66,BITMAP,49.23076923076923
random,6,0.375,97,130,66,78,66,BITMAP,49.23076923076923
random,6,0.375,98,130,66,78,66,BITMAP,49.23076923076923
random,6,0.375,99,130,66,78,66,BITMAP,49.23076923076923
random,7,0.4375,0,130,74,90,74,BITMAP,43.07692307692308
random,7,0.4375,1,130,74,90,74,BITMAP,43.07692307692308
random,7,0.4375,2,130,74,90,74,BITMAP,43.07692307692308
random,7,0.4375,3,130,74,90,74,BITMAP,43.07692307692308
random,7,0.4375,4,130,74,90,74,BITMAP,43.07692307692308
random,7,0.4375,5,130,74,90,74,BITMAP,43.07692307692308
random,7,0.4375,6,130,74,90,74,BITMAP,43.07692307692308
random,7,0.4375,7,130,74,90,74,BITMAP,43.07692307692308
random,7,0.4375,8,130,74,90,74,BITMAP,43.07692307692308
random,7,0.4375,9,130,74,90,74,BITMAP,43.07692307692308
random,7,0.4375,10,130,74,90,74,BITMAP,43.07692307692308
random,7,0.4375,11,130,74,90,74,BITMAP,43.07692307692308
random,7,0.4375,12,130,74,90,74,BITMAP,43.07692307692308
random,7,0.4375,13,130,74,90,74,BITMAP,43.07692307692308
random,7,0.4375,14,130,74,90,74,BITMAP,43.07692307692308
random,7,0.4375,15,130,74,90,74,BITMAP,43.07692307692308
random,7,0.4375,16,130,74,90,74,BITMAP,43.07692307692308
random,7,0.4375,17,130,74,90,74,BITMAP,43.07692307692308
random,7,0.4375,18,130,74,90,74,BITMAP,43.07692307692308
random,7,0.4375,19,130,74,90,74,BITMAP,43.07692307692308
random,7,0.4375,20,130,74,90,74,BITMAP,43.07692307692308
random,7,0.4375,21,130,74,90,74,BITMAP,43.07692307692308
random,7,0.4375,22,130,74,90,74,BITMAP,43.07692307692308
random,7,0.4375,23,130,74,90,74,BITMAP,43.07692307692308
random,7,0.4375,24,130,74,90,74,BITMAP,43.07692307692308
random,7,0.4375,25,130,74,90,74,BITMAP,43.07692307692308
random,7,0.4375,26,130,74,90,74,BITMAP,43.07692307692308
random,7,0.4375,27,130,74,90,74,BITMAP,43.07692307692308
random,7,0.4375,28,130,74,90,74,BITMAP,43.07692307692308
random,7,0.4375,29,130,74,90,74,BITMAP,43.07692307692308
random,7,0.4375,30,130,74,90,74,BITMAP,43.07692307692308
random,7,0.4375,31,130,74,90,74,BITMAP,43.07692307692308
random,7,0.4375,32,130,74,90,74,BITMAP,43.07692307692308
random,7,0.4375,33,130,74,90,74,BITMAP,43.07692307692308
random,7,0.4375,34,130,74,90,74,BITMAP,43.07692307692308
random,7,0.4375,35,130,74,90,74,BITMAP,43.07692307692308
random,7,0.4375,36,130,74,90,74,BITMAP,43.07692307692308
random,7,0.4375,37,130,74,90,74,BITMAP,43.07692307692308
random,7,0.4375,38,130,74,90,74,BITMAP,43.07692307692308
random,7,0.4375,39,130,74,90,74,BITMAP,43.07692307692308
random,7,0.4375,40,130,74,90,74,BITMAP,43.07692307692308
random,7,0.4375,41,130,74,90,74,BITMAP,43.07692307692308
random,7,0.4375,42,130,74,90,74,BITMAP,43.07692307692308
random,7,0.4375,43,130,74,90,74,BITMAP,43.07692307692308
random,7,0.4375,44,130,74,90,74,BITMAP,43.07692307692308
random,7,0.4375,45,130,74,90,74,BITMAP,43.07692307692308
random,7,0.4375,46,130,74,90,74,BITMAP,43.07692307692308
random,7,0.4375,47,130,74,90,74,BITMAP,43.07692307692308
random,7,0.4375,48,130,74,90,74,BITMAP,43.07692307692308
random,7,0.4375,49,130,74,90,74,BITMAP,43.07692307692308
random,7,0.4375,50,130,74,90,74,BITMAP,43.07692307692308
random,7,0.4375,51,130,74,90,74,BITMAP,43.07692307692308
random,7,0.4375,52,130,74,90,74,BITMAP,43.07692307692308
random,7,0.4375,53,130,74,90,74,BITMAP,43.07692307692308
random,7,0.4375,54,130,74,90,74,BITMAP,43.07692307692308
random,7,0.4375,55,130,74,90,74,BITMAP,43.07692307692308
random,7,0.4375,56,130,74,90,74,BITMAP,43.07692307692308
random,7,0.4375,57,130,74,90,74,BITMAP,43.07692307692308
random,7,0.4375,58,130,74,90,74,BITMAP,43.07692307692308
random,7,0.4375,59,130,74,90,74,BITMAP,43.07692307692308
random,7,0.4375,60,130,74,90,74,BITMAP,43.07692307692308
random,7,0.4375,61,130,74,90,74,BITMAP,43.07692307692308
random,7,0.4375,62,130,74,90,74,BITMAP,43.07692307692308
random,7,0.4375,63,130,74,90,74,BITMAP,43.07692307692308
random,7,0.4375,64,130,74,90,74,BITMAP,43.07692307692308
random,7,0.4375,65,130,74,90,74,BITMAP,43.07692307692308
random,7,0.4375,66,130,74,90,74,BITMAP,43.07692307692308
random,7,0.4375,67,130,74,90,74,BITMAP,43.07692307692308
random,7,0.4375,68,130,74,90,74,BITMAP,43.07692307692308
random,7,0.4375,69,130,74,90,74,BITMAP,43.07692307692308
random,7,0.4375,70,130,74,90,74,BITMAP,43.07692307692308
random,7,0.4375,71,130,74,90,74,BITMAP,43.07692307692308
random,7,0.4375,72,130,74,90,74,BITMAP,43.07692307692308
random,7,0.4375,73,130,74,90,74,BITMAP,43.07692307692308
random,7,0.4375,74,130,74,90,74,BITMAP,43.07692307692308
random,7,0.4375,75,130,74,90,74,BITMAP,43.07692307692308
random,7,0.4375,76,130,74,90,74,BITMAP,43.07692307692308
random,7,0.4375,77,130,74,90,74,BITMAP,43.07692307692308
random,7,0.4375,78,130,74,90,74,BITMAP,43.07692307692308
random,7,0.4375,79,130,74,90,74,BITMAP,43.07692307692308
random,7,0.4375,80,130,74,90,74,BITMAP,43.07692307692308
random,7,0.4375,81,130,74,90,74,BITMAP,43.07692307692308
random,7,0.4375,82,130,74,90,74,BITMAP,43.07692307692308
random,7,0.4375,83,130,74,90,74,BITMAP,43.07692307692308
random,7,0.4375,84,130,74,90,74,BITMAP,43.07692307692308
random,7,0.4375,85,130,74,90,74,BITMAP,43.07692307692308
random,7,0.4375,86,130,74,90,74,BITMAP,43.07692307692308
random,7,0.4375,87,130,74,90,74,BITMAP,43.07692307692308
random,7,0.4375,88,130,74,90,74,BITMAP,43.07692307692308
random,7,0.4375,89,130,74,90,74,BITMAP,43.07692307692308
random,7,0.4375,90,130,74,90,74,BITMAP,43.07692307692308
random,7,0.4375,91,130,74,90,74,BITMAP,43.07692307692308
random,7,0.4375,92,130,74,90,74,BITMAP,43.07692307692308
random,7,0.4375,93,130,74,90,74,BITMAP,43.07692307692308
random,7,0.4375,94,130,74,90,74,BITMAP,43.07692307692308
random,7,0.4375,95,130,74,90,74,BITMAP,43.07692307692308
random,7,0.4375,96,130,74,90,74,BITMAP,43.07692307692308
random,7,0.4375,97,130,74,90,74,BITMAP,43.07692307692308
random,7,0.4375,98,130,74,90,74,BITMAP,43.07692307692308
random,7,0.4375,99,130,74,90,74,BITMAP,43.07692307692308
random,8,0.5,0,130,82,102,82,BITMAP,36.92307692307692
random,8,0.5,1,130,82,102,82,BITMAP,36.92307692307692
random,8,0.5,2,130,82,102,82,BITMAP,36.92307692307692
random,8,0.5,3,130,82,102,82,BITMAP,36.92307692307692
random,8,0.5,4,130,82,102,82,BITMAP,36.92307692307692
random,8,0.5,5,130,82,102,82,BITMAP,36.92307692307692
random,8,0.5,6,130,82,102,82,BITMAP,36.92307692307692
random,8,0.5,7,130,82,102,82,BITMAP,36.92307692307692
random,8,0.5,8,130,82,102,82,BITMAP,36.92307692307692
random,8,0.5,9,130,82,102,82,BITMAP,36.92307692307692
random,8,0.5,10,130,82,102,82,BITMAP,36.92307692307692
random,8,0.5,11,130,82,102,82,BITMAP,36.92307692307692
random,8,0.5,12,130,82,102,82,BITMAP,36.92307692307692
random,8,0.5,13,130,82,102,82,BITMAP,36.92307692307692
random,8,0.5,14,130,82,102,82,BITMAP,36.92307692307692
random,8,0.5,15,130,82,102,82,BITMAP,36.92307692307692
random,8,0.5,16,130,82,102,82,BITMAP,36.92307692307692
random,8,0.5,17,130,82,102,82,BITMAP,36.92307692307692
random,8,0.5,18,130,82,102,82,BITMAP,36.92307692307692
random,8,0.5,19,130,82,102,82,BITMAP,36.92307692307692
random,8,0.5,20,130,82,102,82,BITMAP,36.92307692307692
random,8,0.5,21,130,82,102,82,BITMAP,36.92307692307692
random,8,0.5,22,130,82,102,82,BITMAP,36.92307692307692
random,8,0.5,23,130,82,102,82,BITMAP,36.92307692307692
random,8,0.5,24,130,82,102,82,BITMAP,36.92307692307692
random,8,0.5,25,130,82,102,82,BITMAP,36.92307692307692
random,8,0.5,26,130,82,102,82,BITMAP,36.92307692307692
random,8,0.5,27,130,82,102,82,BITMAP,36.92307692307692
random,8,0.5,28,130,82,102,82,BITMAP,36.92307692307692
random,8,0.5,29,130,82,102,82,BITMAP,36.92307692307692
random,8,0.5,30,130,82,102,82,BITMAP,36.92307692307692
random,8,0.5,31,130,82,102,82,BITMAP,36.92307692307692
random,8,0.5,32,130,82,102,82,BITMAP,36.92307692307692
random,8,0.5,33,130,82,102,82,BITMAP,36.92307692307692
random,8,0.5,34,130,82,102,82,BITMAP,36.92307692307692
random,8,0.5,35,130,82,102,82,BITMAP,36.92307692307692
random,8,0.5,36,130,82,102,82,BITMAP,36.92307692307692
random,8,0.5,37,130,82,102,82,BITMAP,36.92307692307692
random,8,0.5,38,130,82,102,82,BITMAP,36.92307692307692
random,8,0.5,39,130,82,102,82,BITMAP,36.92307692307692
random,8,0.5,40,130,82,102,82,BITMAP,36.92307692307692
random,8,0.5,41,130,82,102,82,BITMAP,36.92307692307692
random,8,0.5,42,130,82,102,82,BITMAP,36.92307692307692
random,8,0.5,43,130,82,102,82,BITMAP,36.92307692307692
random,8,0.5,44,130,82,102,82,BITMAP,36.92307692307692
random,8,0.5,45,130,82,102,82,BITMAP,36.92307692307692
random,8,0.5,46,130,82,102,82,BITMAP,36.92307692307692
random,8,0.5,47,130,82,102,82,BITMAP,36.92307692307692
random,8,0.5,48,130,82,102,82,BITMAP,36.92307692307692
random,8,0.5,49,130,82,102,82,BITMAP,36.92307692307692
random,8,0.5,50,130,82,102,82,BITMAP,36.92307692307692
random,8,0.5,51,130,82,102,82,BITMAP,36.92307692307692
random,8,0.5,52,130,82,102,82,BITMAP,36.92307692307692
random,8,0.5,53,130,82,102,82,BITMAP,36.92307692307692
random,8,0.5,54,130,82,102,82,BITMAP,36.92307692307692
random,8,0.5,55,130,82,102,82,BITMAP,36.92307692307692
random,8,0.5,56,130,82,102,82,BITMAP,36.92307692307692
random,8,0.5,57,130,82,102,82,BITMAP,36.92307692307692
random,8,0.5,58,130,82,102,82,BITMAP,36.92307692307692
random,8,0.5,59,130,82,102,82,BITMAP,36.92307692307692
random,8,0.5,60,130,82,102,82,BITMAP,36.92307692307692
random,8,0.5,61,130,82,102,82,BITMAP,36.92307692307692
random,8,0.5,62,130,82,102,82,BITMAP,36.92307692307692
random,8,0.5,63,130,82,102,82,BITMAP,36.92307692307692
random,8,0.5,64,130,82,102,82,BITMAP,36.92307692307692
random,8,0.5,65,130,82,102,82,BITMAP,36.92307692307692
random,8,0.5,66,130,82,102,82,BITMAP,36.92307692307692
random,8,0.5,67,130,82,102,82,BITMAP,36.92307692307692
random,8,0.5,68,130,82,102,82,BITMAP,36.92307692307692
random,8,0.5,69,130,82,102,82,BITMAP,36.92307692307692
random,8,0.5,70,130,82,102,82,BITMAP,36.92307692307692
random,8,0.5,71,130,82,102,82,BITMAP,36.92307692307692
random,8,0.5,72,130,82,102,82,BITMAP,36.92307692307692
random,8,0.5,73,130,82,102,82,BITMAP,36.92307692307692
random,8,0.5,74,130,82,102,82,BITMAP,36.92307692307692
random,8,0.5,75,130,82,102,82,BITMAP,36.92307692307692
random,8,0.5,76,130,82,102,82,BITMAP,36.92307692307692
random,8,0.5,77,130,82,102,82,BITMAP,36.92307692307692
random,8,0.5,78,130,82,102,82,BITMAP,36.92307692307692
random,8,0.5,79,130,82,102,82,BITMAP,36.92307692307692
random,8,0.5,80,130,82,102,82,BITMAP,36.92307692307692
random,8,0.5,81,130,82,102,82,BITMAP,36.92307692307692
random,8,0.5,82,130,82,102,82,BITMAP,36.92307692307692
random,8,0.5,83,130,82,102,82,BITMAP,36.92307692307692
random,8,0.5,84,130,82,102,82,BITMAP,36.92307692307692
random,8,0.5,85,130,82,102,82,BITMAP,36.92307692307692
random,8,0.5,86,130,82,102,82,BITMAP,36.92307692307692
random,8,0.5,87,130,82,102,82,BITMAP,36.92307692307692
random,8,0.5,88,130,82,102,82,BITMAP,36.92307692307692
random,8,0.5,89,130,82,102,82,BITMAP,36.92307692307692
random,8,0.5,90,130,82,102,82,BITMAP,36.92307692307692
random,8,0.5,91,130,82,102,82,BITMAP,36.92307692307692
random,8,0.5,92,130,82,102,82,BITMAP,36.92307692307692
random,8,0.5,93,130,82,102,82,BITMAP,36.92307692307692
random,8,0.5,94,130,82,102,82,BITMAP,36.92307692307692
random,8,0.5,95,130,82,102,82,BITMAP,36.92307692307692
random,8,0.5,96,130,82,102,82,BITMAP,36.92307692307692
random,8,0.5,97,130,82,102,82,BITMAP,36.92307692307692
random,8,0.5,98,130,82,102,82,BITMAP,36.92307692307692
random,8,0.5,99,130,82,102,82,BITMAP,36.92307692307692
random,9,0.5625,0,130,90,114,90,BITMAP,30.76923076923077
random,9,0.5625,1,130,90,114,90,BITMAP,30.76923076923077
random,9,0.5625,2,130,90,114,90,BITMAP,30.76923076923077
random,9,0.5625,3,130,90,114,90,BITMAP,30.76923076923077
random,9,0.5625,4,130,90,114,90,BITMAP,30.76923076923077
random,9,0.5625,5,130,90,114,90,BITMAP,30.76923076923077
random,9,0.5625,6,130,90,114,90,BITMAP,30.76923076923077
random,9,0.5625,7,130,90,114,90,BITMAP,30.76923076923077
random,9,0.5625,8,130,90,114,90,BITMAP,30.76923076923077
random,9,0.5625,9,130,90,114,90,BITMAP,30.76923076923077
random,9,0.5625,10,130,90,114,90,BITMAP,30.76923076923077
random,9,0.5625,11,130,90,114,90,BITMAP,30.76923076923077
random,9,0.5625,12,130,90,114,90,BITMAP,30.76923076923077
random,9,0.5625,13,130,90,114,90,BITMAP,30.76923076923077
random,9,0.5625,14,130,90,114,90,BITMAP,30.76923076923077
random,9,0.5625,15,130,90,114,90,BITMAP,30.76923076923077
random,9,0.5625,16,130,90,114,90,BITMAP,30.76923076923077
random,9,0.5625,17,130,90,114,90,BITMAP,30.76923076923077
random,9,0.5625,18,130,90,114,90,BITMAP,30.76923076923077
random,9,0.5625,19,130,90,114,90,BITMAP,30.76923076923077
random,9,0.5625,20,130,90,114,90,BITMAP,30.76923076923077
random,9,0.5625,21,130,90,114,90,BITMAP,30.76923076923077
random,9,0.5625,22,130,90,114,90,BITMAP,30.76923076923077
random,9,0.5625,23,130,90,114,90,BITMAP,30.76923076923077
random,9,0.5625,24,130,90,114,90,BITMAP,30.76923076923077
random,9,0.5625,25,130,90,114,90,BITMAP,30.76923076923077
random,9,0.5625,26,130,90,114,90,BITMAP,30.76923076923077
random,9,0.5625,27,130,90,114,90,BITMAP,30.76923076923077
random,9,0.5625,28,130,90,114,90,BITMAP,30.76923076923077
random,9,0.5625,29,130,90,114,90,BITMAP,30.76923076923077
random,9,0.5625,30,130,90,114,90,BITMAP,30.76923076923077
random,9,0.5625,31,130,90,114,90,BITMAP,30.76923076923077
random,9,0.5625,32,130,90,114,90,BITMAP,30.76923076923077
random,9,0.5625,33,130,90,114,90,BITMAP,30.76923076923077
random,9,0.5625,34,130,90,114,90,BITMAP,30.76923076923077
random,9,0.5625,35,130,90,114,90,BITMAP,30.76923076923077
random,9,0.5625,36,130,90,114,90,BITMAP,30.76923076923077
random,9,0.5625,37,130,90,114,90,BITMAP,30.76923076923077
random,9,0.5625,38,130,90,114,90,BITMAP,30.76923076923077
random,9,0.5625,39,130,90,114,90,BITMAP,30.76923076923077
random,9,0.5625,40,130,90,114,90,BITMAP,30.76923076923077
random,9,0.5625,41,130,90,114,90,BITMAP,30.76923076923077
random,9,0.5625,42,130,90,114,90,BITMAP,30.76923076923077
random,9,0.5625,43,130,90,114,90,BITMAP,30.76923076923077
random,9,0.5625,44,130,90,114,90,BITMAP,30.76923076923077
random,9,0.5625,45,130,90,114,90,BITMAP,30.76923076923077
random,9,0.5625,46,130,90,114,90,BITMAP,30.76923076923077
random,9,0.5625,47,130,90,114,90,BITMAP,30.76923076923077
random,9,0.5625,48,130,90,114,90,BITMAP,30.76923076923077
random,9,0.5625,49,130,90,114,90,BITMAP,30.76923076923077
random,9,0.5625,50,130,90,114,90,BITMAP,30.76923076923077
random,9,0.5625,51,130,90,114,90,BITMAP,30.76923076923077
random,9,0.5625,52,130,90,114,90,BITMAP,30.76923076923077
random,9,0.5625,53,130,90,114,90,BITMAP,30.76923076923077
random,9,0.5625,54,130,90,114,90,BITMAP,30.76923076923077
random,9,0.5625,55,130,90,114,90,BITMAP,30.76923076923077
random,9,0.5625,56,130,90,114,90,BITMAP,30.76923076923077
random,9,0.5625,57,130,90,114,90,BITMAP,30.76923076923077
random,9,0.5625,58,130,90,114,90,BITMAP,30.76923076923077
random,9,0.5625,59,130,90,114,90,BITMAP,30.76923076923077
random,9,0.5625,60,130,90,114,90,BITMAP,30.76923076923077
random,9,0.5625,61,130,90,114,90,BITMAP,30.76923076923077
random,9,0.5625,62,130,90,114,90,BITMAP,30.76923076923077
random,9,0.5625,63,130,90,114,90,BITMAP,30.76923076923077
random,9,0.5625,64,130,90,114,90,BITMAP,30.76923076923077
random,9,0.5625,65,130,90,114,90,BITMAP,30.76923076923077
random,9,0.5625,66,130,90,114,90,BITMAP,30.76923076923077
random,9,0.5625,67,130,90,114,90,BITMAP,30.76923076923077
random,9,0.5625,68,130,90,114,90,BITMAP,30.76923076923077
random,9,0.5625,69,130,90,114,90,BITMAP,30.76923076923077
random,9,0.5625,70,130,90,114,90,BITMAP,30.76923076923077
random,9,0.5625,71,130,90,114,90,BITMAP,30.76923076923077
random,9,0.5625,72,130,90,114,90,BITMAP,30.76923076923077
random,9,0.5625,73,130,90,114,90,BITMAP,30.76923076923077
random,9,0.5625,74,130,90,114,90,BITMAP,30.76923076923077
random,9,0.5625,75,130,90,114,90,BITMAP,30.76923076923077
random,9,0.5625,76,130,90,114,90,BITMAP,30.76923076923077
random,9,0.5625,77,130,90,114,90,BITMAP,30.76923076923077
random,9,0.5625,78,130,90,114,90,BITMAP,30.76923076923077
random,9,0.5625,79,130,90,114,90,BITMAP,30.76923076923077
random,9,0.5625,80,130,90,114,90,BITMAP,30.76923076923077
random,9,0.5625,81,130,90,114,90,BITMAP,30.76923076923077
random,9,0.5625,82,130,90,114,90,BITMAP,30.76923076923077
random,9,0.5625,83,130,90,114,90,BITMAP,30.76923076923077
random,9,0.5625,84,130,90,114,90,BITMAP,30.76923076923077
random,9,0.5625,85,130,90,114,90,BITMAP,30.76923076923077
random,9,0.5625,86,130,90,114,90,BITMAP,30.76923076923077
random,9,0.5625,87,130,90,114,90,BITMAP,30.76923076923077
random,9,0.5625,88,130,90,114,90,BITMAP,30.76923076923077
random,9,0.5625,89,130,90,114,90,BITMAP,30.76923076923077
random,9,0.5625,90,130,90,114,90,BITMAP,30.76923076923077
random,9,0.5625,91,130,90,114,90,BITMAP,30.76923076923077
random,9,0.5625,92,130,90,114,90,BITMAP,30.76923076923077
random,9,0.5625,93,130,90,114,90,BITMAP,30.76923076923077
random,9,0.5625,94,130,90,114,90,BITMAP,30.76923076923077
random,9,0.5625,95,130,90,114,90,BITMAP,30.76923076923077
random,9,0.5625,96,130,90,114,90,BITMAP,30.76923076923077
random,9,0.5625,97,130,90,114,90,BITMAP,30.76923076923077
random,9,0.5625,98,130,90,114,90,BITMAP,30.76923076923077
random,9,0.5625,99,130,90,114,90,BITMAP,30.76923076923077
random,10,0.625,0,130,98,126,98,BITMAP,24.615384615384617
random,10,0.625,1,130,98,126,98,BITMAP,24.615384615384617
random,10,0.625,2,130,98,126,98,BITMAP,24.615384615384617
random,10,0.625,3,130,98,126,98,BITMAP,24.615384615384617
random,10,0.625,4,130,98,126,98,BITMAP,24.615384615384617
random,10,0.625,5,130,98,126,98,BITMAP,24.615384615384617
random,10,0.625,6,130,98,126,98,BITMAP,24.615384615384617
random,10,0.625,7,130,98,126,98,BITMAP,24.615384615384617
random,10,0.625,8,130,98,126,98,BITMAP,24.615384615384617
random,10,0.625,9,130,98,126,98,BITMAP,24.615384615384617
random,10,0.625,10,130,98,126,98,BITMAP,24.615384615384617
random,10,0.625,11,130,98,126,98,BITMAP,24.615384615384617
random,10,0.625,12,130,98,126,98,BITMAP,24.615384615384617
random,10,0.625,13,130,98,126,98,BITMAP,24.615384615384617
random,10,0.625,14,130,98,126,98,BITMAP,24.615384615384617
random,10,0.625,15,130,98,126,98,BITMAP,24.615384615384617
random,10,0.625,16,130,98,126,98,BITMAP,24.615384615384617
random,10,0.625,17,130,98,126,98,BITMAP,24.615384615384617
random,10,0.625,18,130,98,126,98,BITMAP,24.615384615384617
random,10,0.625,19,130,98,126,98,BITMAP,24.615384615384617
random,10,0.625,20,130,98,126,98,BITMAP,24.615384615384617
random,10,0.625,21,130,98,126,98,BITMAP,24.615384615384617
random,10,0.625,22,130,98,126,98,BITMAP,24.615384615384617
random,10,0.625,23,130,98,126,98,BITMAP,24.615384615384617
random,10,0.625,24,130,98,126,98,BITMAP,24.615384615384617
random,10,0.625,25,130,98,126,98,BITMAP,24.615384615384617
random,10,0.625,26,130,98,126,98,BITMAP,24.615384615384617
random,10,0.625,27,130,98,126,98,BITMAP,24.615384615384617
random,10,0.625,28,130,98,126,98,BITMAP,24.615384615384617
random,10,0.625,29,130,98,126,98,BITMAP,24.615384615384617
random,10,0.625,30,130,98,126,98,BITMAP,24.615384615384617
random,10,0.625,31,130,98,126,98,BITMAP,24.615384615384617
random,10,0.625,32,130,98,126,98,BITMAP,24.615384615384617
random,10,0.625,33,130,98,126,98,BITMAP,24.615384615384617
random,10,0.625,34,130,98,126,98,BITMAP,24.615384615384617
random,10,0.625,35,130,98,126,98,BITMAP,24.615384615384617
random,10,0.625,36,130,98,126,98,BITMAP,24.615384615384617
random,10,0.625,37,130,98,126,98,BITMAP,24.615384615384617
random,10,0.625,38,130,98,126,98,BITMAP,24.615384615384617
random,10,0.625,39,130,98,126,98,BITMAP,24.615384615384617
random,10,0.625,40,130,98,126,98,BITMAP,24.615384615384617
random,10,0.625,41,130,98,126,98,BITMAP,24.615384615384617
random,10,0.625,42,130,98,126,98,BITMAP,24.615384615384617
random,10,0.625,43,130,98,126,98,BITMAP,24.615384615384617
random,10,0.625,44,130,98,126,98,BITMAP,24.615384615384617
random,10,0.625,45,130,98,126,98,BITMAP,24.615384615384617
random,10,0.625,46,130,98,126,98,BITMAP,24.615384615384617
random,10,0.625,47,130,98,126,98,BITMAP,24.615384615384617
random,10,0.625,48,130,98,126,98,BITMAP,24.615384615384617
random,10,0.625,49,130,98,126,98,BITMAP,24.615384615384617
random,10,0.625,50,130,98,126,98,BITMAP,24.615384615384617
random,10,0.625,51,130,98,126,98,BITMAP,24.615384615384617
random,10,0.625,52,130,98,126,98,BITMAP,24.615384615384617
random,10,0.625,53,130,98,126,98,BITMAP,24.615384615384617
random,10,0.625,54,130,98,126,98,BITMAP,24.615384615384617
random,10,0.625,55,130,98,126,98,BITMAP,24.615384615384617
random,10,0.625,56,130,98,126,98,BITMAP,24.615384615384617
random,10,0.625,57,130,98,126,98,BITMAP,24.615384615384617
random,10,0.625,58,130,98,126,98,BITMAP,24.615384615384617
random,10,0.625,59,130,98,126,98,BITMAP,24.615384615384617
random,10,0.625,60,130,98,126,98,BITMAP,24.615384615384617
random,10,0.625,61,130,98,126,98,BITMAP,24.615384615384617
random,10,0.625,62,130,98,126,98,BITMAP,24.615384615384617
random,10,0.625,63,130,98,126,98,BITMAP,24.615384615384617
random,10,0.625,64,130,98,126,98,BITMAP,24.615384615384617
random,10,0.625,65,130,98,126,98,BITMAP,24.615384615384617
random,10,0.625,66,130,98,126,98,BITMAP,24.615384615384617
random,10,0.625,67,130,98,126,98,BITMAP,24.615384615384617
random,10,0.625,68,130,98,126,98,BITMAP,24.615384615384617
random,10,0.625,69,130,98,126,98,BITMAP,24.615384615384617
random,10,0.625,70,130,98,126,98,BITMAP,24.615384615384617
random,10,0.625,71,130,98,126,98,BITMAP,24.615384615384617
random,10,0.625,72,130,98,126,98,BITMAP,24.615384615384617
random,10,0.625,73,130,98,126,98,BITMAP,24.615384615384617
random,10,0.625,74,130,98,126,98,BITMAP,24.615384615384617
random,10,0.625,75,130,98,126,98,BITMAP,24.615384615384617
random,10,0.625,76,130,98,126,98,BITMAP,24.615384615384617
random,10,0.625,77,130,98,126,98,BITMAP,24.615384615384617
random,10,0.625,78,130,98,126,98,BITMAP,24.615384615384617
random,10,0.625,79,130,98,126,98,BITMAP,24.615384615384617
random,10,0.625,80,130,98,126,98,BITMAP,24.615384615384617
random,10,0.625,81,130,98,126,98,BITMAP,24.615384615384617
random,10,0.625,82,130,98,126,98,BITMAP,24.615384615384617
random,10,0.625,83,130,98,126,98,BITMAP,24.615384615384617
random,10,0.625,84,130,98,126,98,BITMAP,24.615384615384617
random,10,0.625,85,130,98,126,98,BITMAP,24.615384615384617
random,10,0.625,86,130,98,126,98,BITMAP,24.615384615384617
random,10,0.625,87,130,98,126,98,BITMAP,24.615384615384617
random,10,0.625,88,130,98,126,98,BITMAP,24.615384615384617
random,10,0.625,89,130,98,126,98,BITMAP,24.615384615384617
random,10,0.625,90,130,98,126,98,BITMAP,24.615384615384617
random,10,0.625,91,130,98,126,98,BITMAP,24.615384615384617
random,10,0.625,92,130,98,126,98,BITMAP,24.615384615384617
random,10,0.625,93,130,98,126,98,BITMAP,24.615384615384617
random,10,0.625,94,130,98,126,98,BITMAP,24.615384615384617
random,10,0.625,95,130,98,126,98,BITMAP,24.615384615384617
random,10,0.625,96,130,98,126,98,BITMAP,24.615384615384617
random,10,0.625,97,130,98,126,98,BITMAP,24.615384615384617
random,10,0.625,98,130,98,126,98,BITMAP,24.615384615384617
random,10,0.625,99,130,98,126,98,BITMAP,24.615384615384617
random,11,0.6875,0,130,106,138,106,BITMAP,18.46153846153846
random,11,0.6875,1,130,106,138,106,BITMAP,18.46153846153846
random,11,0.6875,2,130,106,138,106,BITMAP,18.46153846153846
random,11,0.6875,3,130,106,138,106,BITMAP,18.46153846153846
random,11,0.6875,4,130,106,138,106,BITMAP,18.46153846153846
random,11,0.6875,5,130,106,138,106,BITMAP,18.46153846153846
random,11,0.6875,6,130,106,138,106,BITMAP,18.46153846153846
random,11,0.6875,7,130,106,138,106,BITMAP,18.46153846153846
random,11,0.6875,8,130,106,138,106,BITMAP,18.46153846153846
random,11,0.6875,9,130,106,138,106,BITMAP,18.46153846153846
random,11,0.6875,10,130,106,138,106,BITMAP,18.46153846153846
random,11,0.6875,11,130,106,138,106,BITMAP,18.46153846153846
random,11,0.6875,12,130,106,138,106,BITMAP,18.46153846153846
random,11,0.6875,13,130,106,138,106,BITMAP,18.46153846153846
random,11,0.6875,14,130,106,138,106,BITMAP,18.46153846153846
random,11,0.6875,15,130,106,138,106,BITMAP,18.46153846153846
random,11,0.6875,16,130,106,138,106,BITMAP,18.46153846153846
random,11,0.6875,17,130,106,138,106,BITMAP,18.46153846153846
random,11,0.6875,18,130,106,138,106,BITMAP,18.46153846153846
random,11,0.6875,19,130,106,138,106,BITMAP,18.46153846153846
random,11,0.6875,20,130,106,138,106,BITMAP,18.46153846153846
random,11,0.6875,21,130,106,138,106,BITMAP,18.46153846153846
random,11,0.6875,22,130,106,138,106,BITMAP,18.46153846153846
random,11,0.6875,23,130,106,138,106,BITMAP,18.46153846153846
random,11,0.6875,24,130,106,138,106,BITMAP,18.46153846153846
random,11,0.6875,25,130,106,138,106,BITMAP,18.46153846153846
random,11,0.6875,26,130,106,138,106,BITMAP,18.46153846153846
random,11,0.6875,27,130,106,138,106,BITMAP,18.46153846153846
random,11,0.6875,28,130,106,138,106,BITMAP,18.46153846153846
random,11,0.6875,29,130,106,138,106,BITMAP,18.46153846153846
random,11,0.6875,30,130,106,138,106,BITMAP,18.46153846153846
random,11,0.6875,31,130,106,138,106,BITMAP,18.46153846153846
random,11,0.6875,32,130,106,138,106,BITMAP,18.46153846153846
random,11,0.6875,33,130,106,138,106,BITMAP,18.46153846153846
random,11,0.6875,34,130,106,138,106,BITMAP,18.46153846153846
random,11,0.6875,35,130,106,138,106,BITMAP,18.46153846153846
random,11,0.6875,36,130,106,138,106,BITMAP,18.46153846153846
random,11,0.6875,37,130,106,138,106,BITMAP,18.46153846153846
random,11,0.6875,38,130,106,138,106,BITMAP,18.46153846153846
random,11,0.6875,39,130,106,138,106,BITMAP,18.46153846153846
random,11,0.6875,40,130,106,138,106,BITMAP,18.46153846153846
random,11,0.6875,41,130,106,138,106,BITMAP,18.46153846153846
random,11,0.6875,42,130,106,138,106,BITMAP,18.46153846153846
random,11,0.6875,43,130,106,138,106,BITMAP,18.46153846153846
random,11,0.6875,44,130,106,138,106,BITMAP,18.46153846153846
random,11,0.6875,45,130,106,138,106,BITMAP,18.46153846153846
random,11,0.6875,46,130,106,138,106,BITMAP,18.46153846153846
random,11,0.6875,47,130,106,138,106,BITMAP,18.46153846153846
random,11,0.6875,48,130,106,138,106,BITMAP,18.46153846153846
random,11,0.6875,49,130,106,138,106,BITMAP,18.46153846153846
random,11,0.6875,50,130,106,138,106,BITMAP,18.46153846153846
random,11,0.6875,51,130,106,138,106,BITMAP,18.46153846153846
random,11,0.6875,52,130,106,138,106,BITMAP,18.46153846153846
random,11,0.6875,53,130,106,138,106,BITMAP,18.46153846153846
random,11,0.6875,54,130,106,138,106,BITMAP,18.46153846153846
random,11,0.6875,55,130,106,138,106,BITMAP,18.46153846153846
random,11,0.6875,56,130,106,138,106,BITMAP,18.46153846153846
random,11,0.6875,57,130,106,138,106,BITMAP,18.46153846153846
random,11,0.6875,58,130,106,138,106,BITMAP,18.46153846153846
random,11,0.6875,59,130,106,138,106,BITMAP,18.46153846153846
random,11,0.6875,60,130,106,138,106,BITMAP,18.46153846153846
random,11,0.6875,61,130,106,138,106,BITMAP,18.46153846153846
random,11,0.6875,62,130,106,138,106,BITMAP,18.46153846153846
random,11,0.6875,63,130,106,138,106,BITMAP,18.46153846153846
random,11,0.6875,64,130,106,138,106,BITMAP,18.46153846153846
random,11,0.6875,65,130,106,138,106,BITMAP,18.46153846153846
random,11,0.6875,66,130,106,138,106,BITMAP,18.46153846153846
random,11,0.6875,67,130,106,138,106,BITMAP,18.46153846153846
random,11,0.6875,68,130,106,138,106,BITMAP,18.46153846153846
random,11,0.6875,69,130,106,138,106,BITMAP,18.46153846153846
random,11,0.6875,70,130,106,138,106,BITMAP,18.46153846153846
random,11,0.6875,71,130,106,138,106,BITMAP,18.46153846153846
random,11,0.6875,72,130,106,138,106,BITMAP,18.46153846153846
random,11,0.6875,73,130,106,138,106,BITMAP,18.46153846153846
random,11,0.6875,74,130,106,138,106,BITMAP,18.46153846153846
random,11,0.6875,75,130,106,138,106,BITMAP,18.46153846153846
random,11,0.6875,76,130,106,138,106,BITMAP,18.46153846153846
random,11,0.6875,77,130,106,138,106,BITMAP,18.46153846153846
random,11,0.6875,78,130,106,138,106,BITMAP,18.46153846153846
random,11,0.6875,79,130,106,138,106,BITMAP,18.46153846153846
random,11,0.6875,80,130,106,138,106,BITMAP,18.46153846153846
random,11,0.6875,81,130,106,138,106,BITMAP,18.46153846153846
random,11,0.6875,82,130,106,138,106,BITMAP,18.46153846153846
random,11,0.6875,83,130,106,138,106,BITMAP,18.46153846153846
random,11,0.6875,84,130,106,138,106,BITMAP,18.46153846153846
random,11,0.6875,85,130,106,138,106,BITMAP,18.46153846153846
random,11,0.6875,86,130,106,138,106,BITMAP,18.46153846153846
random,11,0.6875,87,130,106,138,106,BITMAP,18.46153846153846
random,11,0.6875,88,130,106,138,106,BITMAP,18.46153846153846
random,11,0.6875,89,130,106,138,106,BITMAP,18.46153846153846
random,11,0.6875,90,130,106,138,106,BITMAP,18.46153846153846
random,11,0.6875,91,130,106,138,106,BITMAP,18.46153846153846
random,11,0.6875,92,130,106,138,106,BITMAP,18.46153846153846
random,11,0.6875,93,130,106,138,106,BITMAP,18.46153846153846
random,11,0.6875,94,130,106,138,106,BITMAP,18.46153846153846
random,11,0.6875,95,130,106,138,106,BITMAP,18.46153846153846
random,11,0.6875,96,130,106,138,106,BITMAP,18.46153846153846
random,11,0.6875,97,130,106,138,106,BITMAP,18.46153846153846
random,11,0.6875,98,130,106,138,106,BITMAP,18.46153846153846
random,11,0.6875,99,130,106,138,106,BITMAP,18.46153846153846
random,12,0.75,0,130,114,150,114,BITMAP,12.307692307692308
random,12,0.75,1,130,114,150,114,BITMAP,12.307692307692308
random,12,0.75,2,130,114,150,114,BITMAP,12.307692307692308
random,12,0.75,3,130,114,150,114,BITMAP,12.307692307692308
random,12,0.75,4,130,114,150,114,BITMAP,12.307692307692308
random,12,0.75,5,130,114,150,114,BITMAP,12.307692307692308
random,12,0.75,6,130,114,150,114,BITMAP,12.307692307692308
random,12,0.75,7,130,114,150,114,BITMAP,12.307692307692308
random,12,0.75,8,130,114,150,114,BITMAP,12.307692307692308
random,12,0.75,9,130,114,150,114,BITMAP,12.307692307692308
random,12,0.75,10,130,114,150,114,BITMAP,12.307692307692308
random,12,0.75,11,130,114,150,114,BITMAP,12.307692307692308
random,12,0.75,12,130,114,150,114,BITMAP,12.307692307692308
random,12,0.75,13,130,114,150,114,BITMAP,12.307692307692308
random,12,0.75,14,130,114,150,114,BITMAP,12.307692307692308
random,12,0.75,15,130,114,150,114,BITMAP,12.307692307692308
random,12,0.75,16,130,114,150,114,BITMAP,12.307692307692308
random,12,0.75,17,130,114,150,114,BITMAP,12.307692307692308
random,12,0.75,18,130,114,150,114,BITMAP,12.307692307692308
random,12,0.75,19,130,114,150,114,BITMAP,12.307692307692308
random,12,0.75,20,130,114,150,114,BITMAP,12.307692307692308
random,12,0.75,21,130,114,150,114,BITMAP,12.307692307692308
random,12,0.75,22,130,114,150,114,BITMAP,12.307692307692308
random,12,0.75,23,130,114,150,114,BITMAP,12.307692307692308
random,12,0.75,24,130,114,150,114,BITMAP,12.307692307692308
random,12,0.75,25,130,114,150,114,BITMAP,12.307692307692308
random,12,0.75,26,130,114,150,114,BITMAP,12.307692307692308
random,12,0.75,27,130,114,150,114,BITMAP,12.307692307692308
random,12,0.75,28,130,114,150,114,BITMAP,12.307692307692308
random,12,0.75,29,130,114,150,114,BITMAP,12.307692307692308
random,12,0.75,30,130,114,150,114,BITMAP,12.307692307692308
random,12,0.75,31,130,114,150,114,BITMAP,12.307692307692308
random,12,0.75,32,130,114,150,114,BITMAP,12.307692307692308
random,12,0.75,33,130,114,150,114,BITMAP,12.307692307692308
random,12,0.75,34,130,114,150,114,BITMAP,12.307692307692308
random,12,0.75,35,130,114,150,114,BITMAP,12.307692307692308
random,12,0.75,36,130,114,150,114,BITMAP,12.307692307692308
random,12,0.75,37,130,114,150,114,BITMAP,12.307692307692308
random,12,0.75,38,130,114,150,114,BITMAP,12.307692307692308
random,12,0.75,39,130,114,150,114,BITMAP,12.307692307692308
random,12,0.75,40,130,114,150,114,BITMAP,12.307692307692308
random,12,0.75,41,130,114,150,114,BITMAP,12.307692307692308
random,12,0.75,42,130,114,150,114,BITMAP,12.307692307692308
random,12,0.75,43,130,114,150,114,BITMAP,12.307692307692308
random,12,0.75,44,130,114,150,114,BITMAP,12.307692307692308
random,12,0.75,45,130,114,150,114,BITMAP,12.307692307692308
random,12,0.75,46,130,114,150,114,BITMAP,12.307692307692308
random,12,0.75,47,130,114,150,114,BITMAP,12.307692307692308
random,12,0.75,48,130,114,150,114,BITMAP,12.307692307692308
random,12,0.75,49,130,114,150,114,BITMAP,12.307692307692308
random,12,0.75,50,130,114,150,114,BITMAP,12.307692307692308
random,12,0.75,51,130,114,150,114,BITMAP,12.307692307692308
random,12,0.75,52,130,114,150,114,BITMAP,12.307692307692308
random,12,0.75,53,130,114,150,114,BITMAP,12.307692307692308
random,12,0.75,54,130,114,150,114,BITMAP,12.307692307692308
random,12,0.75,55,130,114,150,114,BITMAP,12.307692307692308
random,12,0.75,56,130,114,150,114,BITMAP,12.307692307692308
random,12,0.75,57,130,114,150,114,BITMAP,12.307692307692308
random,12,0.75,58,130,114,150,114,BITMAP,12.307692307692308
random,12,0.75,59,130,114,150,114,BITMAP,12.307692307692308
random,12,0.75,60,130,114,150,114,BITMAP,12.307692307692308
random,12,0.75,61,130,114,150,114,BITMAP,12.307692307692308
random,12,0.75,62,130,114,150,114,BITMAP,12.307692307692308
random,12,0.75,63,130,114,150,114,BITMAP,12.307692307692308
random,12,0.75,64,130,114,150,114,BITMAP,12.307692307692308
random,12,0.75,65,130,114,150,114,BITMAP,12.307692307692308
random,12,0.75,66,130,114,150,114,BITMAP,12.307692307692308
random,12,0.75,67,130,114,150,114,BITMAP,12.307692307692308
random,12,0.75,68,130,114,150,114,BITMAP,12.307692307692308
random,12,0.75,69,130,114,150,114,BITMAP,12.307692307692308
random,12,0.75,70,130,114,150,114,BITMAP,12.307692307692308
random,12,0.75,71,130,114,150,114,BITMAP,12.307692307692308
random,12,0.75,72,130,114,150,114,BITMAP,12.307692307692308
random,12,0.75,73,130,114,150,114,BITMAP,12.307692307692308
random,12,0.75,74,130,114,150,114,BITMAP,12.307692307692308
random,12,0.75,75,130,114,150,114,BITMAP,12.307692307692308
random,12,0.75,76,130,114,150,114,BITMAP,12.307692307692308
random,12,0.75,77,130,114,150,114,BITMAP,12.307692307692308
random,12,0.75,78,130,114,150,114,BITMAP,12.307692307692308
random,12,0.75,79,130,114,150,114,BITMAP,12.307692307692308
random,12,0.75,80,130,114,150,114,BITMAP,12.307692307692308
random,12,0.75,81,130,114,150,114,BITMAP,12.307692307692308
random,12,0.75,82,130,114,150,114,BITMAP,12.307692307692308
random,12,0.75,83,130,114,150,114,BITMAP,12.307692307692308
random,12,0.75,84,130,114,150,114,BITMAP,12.307692307692308
random,12,0.75,85,130,114,150,114,BITMAP,12.307692307692308
random,12,0.75,86,130,114,150,114,BITMAP,12.307692307692308
random,12,0.75,87,130,114,150,114,BITMAP,12.307692307692308
random,12,0.75,88,130,114,150,114,BITMAP,12.307692307692308
random,12,0.75,89,130,114,150,114,BITMAP,12.307692307692308
random,12,0.75,90,130,114,150,114,BITMAP,12.307692307692308
random,12,0.75,91,130,114,150,114,BITMAP,12.307692307692308
random,12,0.75,92,130,114,150,114,BITMAP,12.307692307692308
random,12,0.75,93,130,114,150,114,BITMAP,12.307692307692308
random,12,0.75,94,130,114,150,114,BITMAP,12.307692307692308
random,12,0.75,95,130,114,150,114,BITMAP,12.307692307692308
random,12,0.75,96,130,114,150,114,BITMAP,12.307692307692308
random,12,0.75,97,130,114,150,114,BITMAP,12.307692307692308
random,12,0.75,98,130,114,150,114,BITMAP,12.307692307692308
random,12,0.75,99,130,114,150,114,BITMAP,12.307692307692308
random,13,0.8125,0,130,122,162,122,BITMAP,6.153846153846154
random,13,0.8125,1,130,122,162,122,BITMAP,6.153846153846154
random,13,0.8125,2,130,122,162,122,BITMAP,6.153846153846154
random,13,0.8125,3,130,122,162,122,BITMAP,6.153846153846154
random,13,0.8125,4,130,122,162,122,BITMAP,6.153846153846154
random,13,0.8125,5,130,122,162,122,BITMAP,6.153846153846154
random,13,0.8125,6,130,122,162,122,BITMAP,6.153846153846154
random,13,0.8125,7,130,122,162,122,BITMAP,6.153846153846154
random,13,0.8125,8,130,122,162,122,BITMAP,6.153846153846154
random,13,0.8125,9,130,122,162,122,BITMAP,6.153846153846154
random,13,0.8125,10,130,122,162,122,BITMAP,6.153846153846154
random,13,0.8125,11,130,122,162,122,BITMAP,6.153846153846154
random,13,0.8125,12,130,122,162,122,BITMAP,6.153846153846154
random,13,0.8125,13,130,122,162,122,BITMAP,6.153846153846154
random,13,0.8125,14,130,122,162,122,BITMAP,6.153846153846154
random,13,0.8125,15,130,122,162,122,BITMAP,6.153846153846154
random,13,0.8125,16,130,122,162,122,BITMAP,6.153846153846154
random,13,0.8125,17,130,122,162,122,BITMAP,6.153846153846154
random,13,0.8125,18,130,122,162,122,BITMAP,6.153846153846154
random,13,0.8125,19,130,122,162,122,BITMAP,6.153846153846154
random,13,0.8125,20,130,122,162,122,BITMAP,6.153846153846154
random,13,0.8125,21,130,122,162,122,BITMAP,6.153846153846154
random,13,0.8125,22,130,122,162,122,BITMAP,6.153846153846154
random,13,0.8125,23,130,122,162,122,BITMAP,6.153846153846154
random,13,0.8125,24,130,122,162,122,BITMAP,6.153846153846154
random,13,0.8125,25,130,122,162,122,BITMAP,6.153846153846154
random,13,0.8125,26,130,122,162,122,BITMAP,6.153846153846154
random,13,0.8125,27,130,122,162,122,BITMAP,6.153846153846154
random,13,0.8125,28,130,122,162,122,BITMAP,6.153846153846154
random,13,0.8125,29,130,122,162,122,BITMAP,6.153846153846154
random,13,0.8125,30,130,122,162,122,BITMAP,6.153846153846154
random,13,0.8125,31,130,122,162,122,BITMAP,6.153846153846154
random,13,0.8125,32,130,122,162,122,BITMAP,6.153846153846154
random,13,0.8125,33,130,122,162,122,BITMAP,6.153846153846154
random,13,0.8125,34,130,122,162,122,BITMAP,6.153846153846154
random,13,0.8125,35,130,122,162,122,BITMAP,6.153846153846154
random,13,0.8125,36,130,122,162,122,BITMAP,6.153846153846154
random,13,0.8125,37,130,122,162,122,BITMAP,6.153846153846154
random,13,0.8125,38,130,122,162,122,BITMAP,6.153846153846154
random,13,0.8125,39,130,122,162,122,BITMAP,6.153846153846154
random,13,0.8125,40,130,122,162,122,BITMAP,6.153846153846154
random,13,0.8125,41,130,122,162,122,BITMAP,6.153846153846154
random,13,0.8125,42,130,122,162,122,BITMAP,6.153846153846154
random,13,0.8125,43,130,122,162,122,BITMAP,6.153846153846154
random,13,0.8125,44,130,122,162,122,BITMAP,6.153846153846154
random,13,0.8125,45,130,122,162,122,BITMAP,6.153846153846154
random,13,0.8125,46,130,122,162,122,BITMAP,6.153846153846154
random,13,0.8125,47,130,122,162,122,BITMAP,6.153846153846154
random,13,0.8125,48,130,122,162,122,BITMAP,6.153846153846154
random,13,0.8125,49,130,122,162,122,BITMAP,6.153846153846154
random,13,0.8125,50,130,122,162,122,BITMAP,6.153846153846154
random,13,0.8125,51,130,122,162,122,BITMAP,6.153846153846154
random,13,0.8125,52,130,122,162,122,BITMAP,6.153846153846154
random,13,0.8125,53,130,122,162,122,BITMAP,6.153846153846154
random,13,0.8125,54,130,122,162,122,BITMAP,6.153846153846154
random,13,0.8125,55,130,122,162,122,BITMAP,6.153846153846154
random,13,0.8125,56,130,122,162,122,BITMAP,6.153846153846154
random,13,0.8125,57,130,122,162,122,BITMAP,6.153846153846154
random,13,0.8125,58,130,122,162,122,BITMAP,6.153846153846154
random,13,0.8125,59,130,122,162,122,BITMAP,6.153846153846154
random,13,0.8125,60,130,122,162,122,BITMAP,6.153846153846154
random,13,0.8125,61,130,122,162,122,BITMAP,6.153846153846154
random,13,0.8125,62,130,122,162,122,BITMAP,6.153846153846154
random,13,0.8125,63,130,122,162,122,BITMAP,6.153846153846154
random,13,0.8125,64,130,122,162,122,BITMAP,6.153846153846154
random,13,0.8125,65,130,122,162,122,BITMAP,6.153846153846154
random,13,0.8125,66,130,122,162,122,BITMAP,6.153846153846154
random,13,0.8125,67,130,122,162,122,BITMAP,6.153846153846154
random,13,0.8125,68,130,122,162,122,BITMAP,6.153846153846154
random,13,0.8125,69,130,122,162,122,BITMAP,6.153846153846154
random,13,0.8125,70,130,122,162,122,BITMAP,6.153846153846154
random,13,0.8125,71,130,122,162,122,BITMAP,6.153846153846154
random,13,0.8125,72,130,122,162,122,BITMAP,6.153846153846154
random,13,0.8125,73,130,122,162,122,BITMAP,6.153846153846154
random,13,0.8125,74,130,122,162,122,BITMAP,6.153846153846154
random,13,0.8125,75,130,122,162,122,BITMAP,6.153846153846154
random,13,0.8125,76,130,122,162,122,BITMAP,6.153846153846154
random,13,0.8125,77,130,122,162,122,BITMAP,6.153846153846154
random,13,0.8125,78,130,122,162,122,BITMAP,6.153846153846154
random,13,0.8125,79,130,122,162,122,BITMAP,6.153846153846154
random,13,0.8125,80,130,122,162,122,BITMAP,6.153846153846154
random,13,0.8125,81,130,122,162,122,BITMAP,6.153846153846154
random,13,0.8125,82,130,122,162,122,BITMAP,6.153846153846154
random,13,0.8125,83,130,122,162,122,BITMAP,6.153846153846154
random,13,0.8125,84,130,122,162,122,BITMAP,6.153846153846154
random,13,0.8125,85,130,122,162,122,BITMAP,6.153846153846154
random,13,0.8125,86,130,122,162,122,BITMAP,6.153846153846154
random,13,0.8125,87,130,122,162,122,BITMAP,6.153846153846154
random,13,0.8125,88,130,122,162,122,BITMAP,6.153846153846154
random,13,0.8125,89,130,122,162,122,BITMAP,6.153846153846154
random,13,0.8125,90,130,122,162,122,BITMAP,6.153846153846154
random,13,0.8125,91,130,122,162,122,BITMAP,6.153846153846154
random,13,0.8125,92,130,122,162,122,BITMAP,6.153846153846154
random,13,0.8125,93,130,122,162,122,BITMAP,6.153846153846154
random,13,0.8125,94,130,122,162,122,BITMAP,6.153846153846154
random,13,0.8125,95,130,122,162,122,BITMAP,6.153846153846154
random,13,0.8125,96,130,122,162,122,BITMAP,6.153846153846154
random,13,0.8125,97,130,122,162,122,BITMAP,6.153846153846154
random,13,0.8125,98,130,122,162,122,BITMAP,6.153846153846154
random,13,0.8125,99,130,122,162,122,BITMAP,6.153846153846154
random,14,0.875,0,130,130,174,130,RAW,0.0
random,14,0.875,1,130,130,174,130,RAW,0.0
random,14,0.875,2,130,130,174,130,RAW,0.0
random,14,0.875,3,130,130,174,130,RAW,0.0
random,14,0.875,4,130,130,174,130,RAW,0.0
random,14,0.875,5,130,130,174,130,RAW,0.0
random,14,0.875,6,130,130,174,130,RAW,0.0
random,14,0.875,7,130,130,174,130,RAW,0.0
random,14,0.875,8,130,130,174,130,RAW,0.0
random,14,0.875,9,130,130,174,130,RAW,0.0
random,14,0.875,10,130,130,174,130,RAW,0.0
random,14,0.875,11,130,130,174,130,RAW,0.0
random,14,0.875,12,130,130,174,130,RAW,0.0
random,14,0.875,13,130,130,174,130,RAW,0.0
random,14,0.875,14,130,130,174,130,RAW,0.0
random,14,0.875,15,130,130,174,130,RAW,0.0
random,14,0.875,16,130,130,174,130,RAW,0.0
random,14,0.875,17,130,130,174,130,RAW,0.0
random,14,0.875,18,130,130,174,130,RAW,0.0
random,14,0.875,19,130,130,174,130,RAW,0.0
random,14,0.875,20,130,130,174,130,RAW,0.0
random,14,0.875,21,130,130,174,130,RAW,0.0
random,14,0.875,22,130,130,174,130,RAW,0.0
random,14,0.875,23,130,130,174,130,RAW,0.0
random,14,0.875,24,130,130,174,130,RAW,0.0
random,14,0.875,25,130,130,174,130,RAW,0.0
random,14,0.875,26,130,130,174,130,RAW,0.0
random,14,0.875,27,130,130,174,130,RAW,0.0
random,14,0.875,28,130,130,174,130,RAW,0.0
random,14,0.875,29,130,130,174,130,RAW,0.0
random,14,0.875,30,130,130,174,130,RAW,0.0
random,14,0.875,31,130,130,174,130,RAW,0.0
random,14,0.875,32,130,130,174,130,RAW,0.0
random,14,0.875,33,130,130,174,130,RAW,0.0
random,14,0.875,34,130,130,174,130,RAW,0.0
random,14,0.875,35,130,130,174,130,RAW,0.0
random,14,0.875,36,130,130,174,130,RAW,0.0
random,14,0.875,37,130,130,174,130,RAW,0.0
random,14,0.875,38,130,130,174,130,RAW,0.0
random,14,0.875,39,130,130,174,130,RAW,0.0
random,14,0.875,40,130,130,174,130,RAW,0.0
random,14,0.875,41,130,130,174,130,RAW,0.0
random,14,0.875,42,130,130,174,130,RAW,0.0
random,14,0.875,43,130,130,174,130,RAW,0.0
random,14,0.875,44,130,130,174,130,RAW,0.0
random,14,0.875,45,130,130,174,130,RAW,0.0
random,14,0.875,46,130,130,174,130,RAW,0.0
random,14,0.875,47,130,130,174,130,RAW,0.0
random,14,0.875,48,130,130,174,130,RAW,0.0
random,14,0.875,49,130,130,174,130,RAW,0.0
random,14,0.875,50,130,130,174,130,RAW,0.0
random,14,0.875,51,130,130,174,130,RAW,0.0
random,14,0.875,52,130,130,174,130,RAW,0.0
random,14,0.875,53,130,130,174,130,RAW,0.0
random,14,0.875,54,130,130,174,130,RAW,0.0
random,14,0.875,55,130,130,174,130,RAW,0.0
random,14,0.875,56,130,130,174,130,RAW,0.0
random,14,0.875,57,130,130,174,130,RAW,0.0
random,14,0.875,58,130,130,174,130,RAW,0.0
random,14,0.875,59,130,130,174,130,RAW,0.0
random,14,0.875,60,130,130,174,130,RAW,0.0
random,14,0.875,61,130,130,174,130,RAW,0.0
random,14,0.875,62,130,130,174,130,RAW,0.0
random,14,0.875,63,130,130,174,130,RAW,0.0
random,14,0.875,64,130,130,174,130,RAW,0.0
random,14,0.875,65,130,130,174,130,RAW,0.0
random,14,0.875,66,130,130,174,130,RAW,0.0
random,14,0.875,67,130,130,174,130,RAW,0.0
random,14,0.875,68,130,130,174,130,RAW,0.0
random,14,0.875,69,130,130,174,130,RAW,0.0
random,14,0.875,70,130,130,174,130,RAW,0.0
random,14,0.875,71,130,130,174,130,RAW,0.0
random,14,0.875,72,130,130,174,130,RAW,0.0
random,14,0.875,73,130,130,174,130,RAW,0.0
random,14,0.875,74,130,130,174,130,RAW,0.0
random,14,0.875,75,130,130,174,130,RAW,0.0
random,14,0.875,76,130,130,174,130,RAW,0.0
random,14,0.875,77,130,130,174,130,RAW,0.0
random,14,0.875,78,130,130,174,130,RAW,0.0
random,14,0.875,79,130,130,174,130,RAW,0.0
random,14,0.875,80,130,130,174,130,RAW,0.0
random,14,0.875,81,130,130,174,130,RAW,0.0
random,14,0.875,82,130,130,174,130,RAW,0.0
random,14,0.875,83,130,130,174,130,RAW,0.0
random,14,0.875,84,130,130,174,130,RAW,0.0
random,14,0.875,85,130,130,174,130,RAW,0.0
random,14,0.875,86,130,130,174,130,RAW,0.0
random,14,0.875,87,130,130,174,130,RAW,0.0
random,14,0.875,88,130,130,174,130,RAW,0.0
random,14,0.875,89,130,130,174,130,RAW,0.0
random,14,0.875,90,130,130,174,130,RAW,0.0
random,14,0.875,91,130,130,174,130,RAW,0.0
random,14,0.875,92,130,130,174,130,RAW,0.0
random,14,0.875,93,130,130,174,130,RAW,0.0
random,14,0.875,94,130,130,174,130,RAW,0.0
random,14,0.875,95,130,130,174,130,RAW,0.0
random,14,0.875,96,130,130,174,130,RAW,0.0
random,14,0.875,97,130,130,174,130,RAW,0.0
random,14,0.875,98,130,130,174,130,RAW,0.0
random,14,0.875,99,130,130,174,130,RAW,0.0
random,15,0.9375,0,130,138,186,130,RAW,0.0
random,15,0.9375,1,130,138,186,130,RAW,0.0
random,15,0.9375,2,130,138,186,130,RAW,0.0
random,15,0.9375,3,130,138,186,130,RAW,0.0
random,15,0.9375,4,130,138,186,130,RAW,0.0
random,15,0.9375,5,130,138,186,130,RAW,0.0
random,15,0.9375,6,130,138,186,130,RAW,0.0
random,15,0.9375,7,130,138,186,130,RAW,0.0
random,15,0.9375,8,130,138,186,130,RAW,0.0
random,15,0.9375,9,130,138,186,130,RAW,0.0
random,15,0.9375,10,130,138,186,130,RAW,0.0
random,15,0.9375,11,130,138,186,130,RAW,0.0
random,15,0.9375,12,130,138,186,130,RAW,0.0
random,15,0.9375,13,130,138,186,130,RAW,0.0
random,15,0.9375,14,130,138,186,130,RAW,0.0
random,15,0.9375,15,130,138,186,130,RAW,0.0
random,15,0.9375,16,130,138,186,130,RAW,0.0
random,15,0.9375,17,130,138,186,130,RAW,0.0
random,15,0.9375,18,130,138,186,130,RAW,0.0
random,15,0.9375,19,130,138,186,130,RAW,0.0
random,15,0.9375,20,130,138,186,130,RAW,0.0
random,15,0.9375,21,130,138,186,130,RAW,0.0
random,15,0.9375,22,130,138,186,130,RAW,0.0
random,15,0.9375,23,130,138,186,130,RAW,0.0
random,15,0.9375,24,130,138,186,130,RAW,0.0
random,15,0.9375,25,130,138,186,130,RAW,0.0
random,15,0.9375,26,130,138,186,130,RAW,0.0
random,15,0.9375,27,130,138,186,130,RAW,0.0
random,15,0.9375,28,130,138,186,130,RAW,0.0
random,15,0.9375,29,130,138,186,130,RAW,0.0
random,15,0.9375,30,130,138,186,130,RAW,0.0
random,15,0.9375,31,130,138,186,130,RAW,0.0
random,15,0.9375,32,130,138,186,130,RAW,0.0
random,15,0.9375,33,130,138,186,130,RAW,0.0
random,15,0.9375,34,130,138,186,130,RAW,0.0
random,15,0.9375,35,130,138,186,130,RAW,0.0
random,15,0.9375,36,130,138,186,130,RAW,0.0
random,15,0.9375,37,130,138,186,130,RAW,0.0
random,15,0.9375,38,130,138,186,130,RAW,0.0
random,15,0.9375,39,130,138,186,130,RAW,0.0
random,15,0.9375,40,130,138,186,130,RAW,0.0
random,15,0.9375,41,130,138,186,130,RAW,0.0
random,15,0.9375,42,130,138,186,130,RAW,0.0
random,15,0.9375,43,130,138,186,130,RAW,0.0
random,15,0.9375,44,130,138,186,130,RAW,0.0
random,15,0.9375,45,130,138,186,130,RAW,0.0
random,15,0.9375,46,130,138,186,130,RAW,0.0
random,15,0.9375,47,130,138,186,130,RAW,0.0
random,15,0.9375,48,130,138,186,130,RAW,0.0
random,15,0.9375,49,130,138,186,130,RAW,0.0
random,15,0.9375,50,130,138,186,130,RAW,0.0
random,15,0.9375,51,130,138,186,130,RAW,0.0
random,15,0.9375,52,130,138,186,130,RAW,0.0
random,15,0.9375,53,130,138,186,130,RAW,0.0
random,15,0.9375,54,130,138,186,130,RAW,0.0
random,15,0.9375,55,130,138,186,130,RAW,0.0
random,15,0.9375,56,130,138,186,130,RAW,0.0
random,15,0.9375,57,130,138,186,130,RAW,0.0
random,15,0.9375,58,130,138,186,130,RAW,0.0
random,15,0.9375,59,130,138,186,130,RAW,0.0
random,15,0.9375,60,130,138,186,130,RAW,0.0
random,15,0.9375,61,130,138,186,130,RAW,0.0
random,15,0.9375,62,130,138,186,130,RAW,0.0
random,15,0.9375,63,130,138,186,130,RAW,0.0
random,15,0.9375,64,130,138,186,130,RAW,0.0
random,15,0.9375,65,130,138,186,130,RAW,0.0
random,15,0.9375,66,130,138,186,130,RAW,0.0
random,15,0.9375,67,130,138,186,130,RAW,0.0
random,15,0.9375,68,130,138,186,130,RAW,0.0
random,15,0.9375,69,130,138,186,130,RAW,0.0
random,15,0.9375,70,130,138,186,130,RAW,0.0
random,15,0.9375,71,130,138,186,130,RAW,0.0
random,15,0.9375,72,130,138,186,130,RAW,0.0
random,15,0.9375,73,130,138,186,130,RAW,0.0
random,15,0.9375,74,130,138,186,130,RAW,0.0
random,15,0.9375,75,130,138,186,130,RAW,0.0
random,15,0.9375,76,130,138,186,130,RAW,0.0
random,15,0.9375,77,130,138,186,130,RAW,0.0
random,15,0.9375,78,130,138,186,130,RAW,0.0
random,15,0.9375,79,130,138,186,130,RAW,0.0
random,15,0.9375,80,130,138,186,130,RAW,0.0
random,15,0.9375,81,130,138,186,130,RAW,0.0
random,15,0.9375,82,130,138,186,130,RAW,0.0
random,15,0.9375,83,130,138,186,130,RAW,0.0
random,15,0.9375,84,130,138,186,130,RAW,0.0
random,15,0.9375,85,130,138,186,130,RAW,0.0
random,15,0.9375,86,130,138,186,130,RAW,0.0
random,15,0.9375,87,130,138,186,130,RAW,0.0
random,15,0.9375,88,130,138,186,130,RAW,0.0
random,15,0.9375,89,130,138,186,130,RAW,0.0
random,15,0.9375,90,130,138,186,130,RAW,0.0
random,15,0.9375,91,130,138,186,130,RAW,0.0
random,15,0.9375,92,130,138,186,130,RAW,0.0
random,15,0.9375,93,130,138,186,130,RAW,0.0
random,15,0.9375,94,130,138,186,130,RAW,0.0
random,15,0.9375,95,130,138,186,130,RAW,0.0
random,15,0.9375,96,130,138,186,130,RAW,0.0
random,15,0.9375,97,130,138,186,130,RAW,0.0
random,15,0.9375,98,130,138,186,130,RAW,0.0
random,15,0.9375,99,130,138,186,130,RAW,0.0
random,16,1.0,0,130,146,198,130,RAW,0.0
random,16,1.0,1,130,146,198,130,RAW,0.0
random,16,1.0,2,130,146,198,130,RAW,0.0
random,16,1.0,3,130,146,198,130,RAW,0.0
random,16,1.0,4,130,146,198,130,RAW,0.0
random,16,1.0,5,130,146,198,130,RAW,0.0
random,16,1.0,6,130,146,198,130,RAW,0.0
random,16,1.0,7,130,146,198,130,RAW,0.0
random,16,1.0,8,130,146,198,130,RAW,0.0
random,16,1.0,9,130,146,198,130,RAW,0.0
random,16,1.0,10,130,146,198,130,RAW,0.0
random,16,1.0,11,130,146,198,130,RAW,0.0
random,16,1.0,12,130,146,198,130,RAW,0.0
random,16,1.0,13,130,146,198,130,RAW,0.0
random,16,1.0,14,130,146,198,130,RAW,0.0
random,16,1.0,15,130,146,198,130,RAW,0.0
random,16,1.0,16,130,146,198,130,RAW,0.0
random,16,1.0,17,130,146,198,130,RAW,0.0
random,16,1.0,18,130,146,198,130,RAW,0.0
random,16,1.0,19,130,146,198,130,RAW,0.0
random,16,1.0,20,130,146,198,130,RAW,0.0
random,16,1.0,21,130,146,198,130,RAW,0.0
random,16,1.0,22,130,146,198,130,RAW,0.0
random,16,1.0,23,130,146,198,130,RAW,0.0
random,16,1.0,24,130,146,198,130,RAW,0.0
random,16,1.0,25,130,146,198,130,RAW,0.0
random,16,1.0,26,130,146,198,130,RAW,0.0
random,16,1.0,27,130,146,198,130,RAW,0.0
random,16,1.0,28,130,146,198,130,RAW,0.0
random,16,1.0,29,130,146,198,130,RAW,0.0
random,16,1.0,30,130,146,198,130,RAW,0.0
random,16,1.0,31,130,146,198,130,RAW,0.0
random,16,1.0,32,130,146,198,130,RAW,0.0
random,16,1.0,33,130,146,198,130,RAW,0.0
random,16,1.0,34,130,146,198,130,RAW,0.0
random,16,1.0,35,130,146,198,130,RAW,0.0
random,16,1.0,36,130,146,198,130,RAW,0.0
random,16,1.0,37,130,146,198,130,RAW,0.0
random,16,1.0,38,130,146,198,130,RAW,0.0
random,16,1.0,39,130,146,198,130,RAW,0.0
random,16,1.0,40,130,146,198,130,RAW,0.0
random,16,1.0,41,130,146,198,130,RAW,0.0
random,16,1.0,42,130,146,198,130,RAW,0.0
random,16,1.0,43,130,146,198,130,RAW,0.0
random,16,1.0,44,130,146,198,130,RAW,0.0
random,16,1.0,45,130,146,198,130,RAW,0.0
random,16,1.0,46,130,146,198,130,RAW,0.0
random,16,1.0,47,130,146,198,130,RAW,0.0
random,16,1.0,48,130,146,198,130,RAW,0.0
random,16,1.0,49,130,146,198,130,RAW,0.0
random,16,1.0,50,130,146,198,130,RAW,0.0
random,16,1.0,51,130,146,198,130,RAW,0.0
random,16,1.0,52,130,146,198,130,RAW,0.0
random,16,1.0,53,130,146,198,130,RAW,0.0
random,16,1.0,54,130,146,198,130,RAW,0.0
random,16,1.0,55,130,146,198,130,RAW,0.0
random,16,1.0,56,130,146,198,130,RAW,0.0
random,16,1.0,57,130,146,198,130,RAW,0.0
random,16,1.0,58,130,146,198,130,RAW,0.0
random,16,1.0,59,130,146,198,130,RAW,0.0
random,16,1.0,60,130,146,198,130,RAW,0.0
random,16,1.0,61,130,146,198,130,RAW,0.0
random,16,1.0,62,130,146,198,130,RAW,0.0
random,16,1.0,63,130,146,198,130,RAW,0.0
random,16,1.0,64,130,146,198,130,RAW,0.0
random,16,1.0,65,130,146,198,130,RAW,0.0
random,16,1.0,66,130,146,198,130,RAW,0.0
random,16,1.0,67,130,146,198,130,RAW,0.0
random,16,1.0,68,130,146,198,130,RAW,0.0
random,16,1.0,69,130,146,198,130,RAW,0.0
random,16,1.0,70,130,146,198,130,RAW,0.0
random,16,1.0,71,130,146,198,130,RAW,0.0
random,16,1.0,72,130,146,198,130,RAW,0.0
random,16,1.0,73,130,146,198,130,RAW,0.0
random,16,1.0,74,130,146,198,130,RAW,0.0
random,16,1.0,75,130,146,198,130,RAW,0.0
random,16,1.0,76,130,146,198,130,RAW,0.0
random,16,1.0,77,130,146,198,130,RAW,0.0
random,16,1.0,78,130,146,198,130,RAW,0.0
random,16,1.0,79,130,146,198,130,RAW,0.0
random,16,1.0,80,130,146,198,130,RAW,0.0
random,16,1.0,81,130,146,198,130,RAW,0.0
random,16,1.0,82,130,146,198,130,RAW,0.0
random,16,1.0,83,130,146,198,130,RAW,0.0
random,16,1.0,84,130,146,198,130,RAW,0.0
random,16,1.0,85,130,146,198,130,RAW,0.0
random,16,1.0,86,130,146,198,130,RAW,0.0
random,16,1.0,87,130,146,198,130,RAW,0.0
random,16,1.0,88,130,146,198,130,RAW,0.0
random,16,1.0,89,130,146,198,130,RAW,0.0
random,16,1.0,90,130,146,198,130,RAW,0.0
random,16,1.0,91,130,146,198,130,RAW,0.0
random,16,1.0,92,130,146,198,130,RAW,0.0
random,16,1.0,93,130,146,198,130,RAW,0.0
random,16,1.0,94,130,146,198,130,RAW,0.0
random,16,1.0,95,130,146,198,130,RAW,0.0
random,16,1.0,96,130,146,198,130,RAW,0.0
random,16,1.0,97,130,146,198,130,RAW,0.0
random,16,1.0,98,130,146,198,130,RAW,0.0
random,16,1.0,99,130,146,198,130,RAW,0.0
clustered,0,0.0,0,130,18,6,6,RLE,95.38461538461539
clustered,0,0.0,1,130,18,6,6,RLE,95.38461538461539
clustered,0,0.0,2,130,18,6,6,RLE,95.38461538461539
clustered,0,0.0,3,130,18,6,6,RLE,95.38461538461539
clustered,0,0.0,4,130,18,6,6,RLE,95.38461538461539
clustered,0,0.0,5,130,18,6,6,RLE,95.38461538461539
clustered,0,0.0,6,130,18,6,6,RLE,95.38461538461539
clustered,0,0.0,7,130,18,6,6,RLE,95.38461538461539
clustered,0,0.0,8,130,18,6,6,RLE,95.38461538461539
clustered,0,0.0,9,130,18,6,6,RLE,95.38461538461539
clustered,0,0.0,10,130,18,6,6,RLE,95.38461538461539
clustered,0,0.0,11,130,18,6,6,RLE,95.38461538461539
clustered,0,0.0,12,130,18,6,6,RLE,95.38461538461539
clustered,0,0.0,13,130,18,6,6,RLE,95.38461538461539
clustered,0,0.0,14,130,18,6,6,RLE,95.38461538461539
clustered,0,0.0,15,130,18,6,6,RLE,95.38461538461539
clustered,0,0.0,16,130,18,6,6,RLE,95.38461538461539
clustered,0,0.0,17,130,18,6,6,RLE,95.38461538461539
clustered,0,0.0,18,130,18,6,6,RLE,95.38461538461539
clustered,0,0.0,19,130,18,6,6,RLE,95.38461538461539
clustered,0,0.0,20,130,18,6,6,RLE,95.38461538461539
clustered,0,0.0,21,130,18,6,6,RLE,95.38461538461539
clustered,0,0.0,22,130,18,6,6,RLE,95.38461538461539
clustered,0,0.0,23,130,18,6,6,RLE,95.38461538461539
clustered,0,0.0,24,130,18,6,6,RLE,95.38461538461539
clustered,0,0.0,25,130,18,6,6,RLE,95.38461538461539
clustered,0,0.0,26,130,18,6,6,RLE,95.38461538461539
clustered,0,0.0,27,130,18,6,6,RLE,95.38461538461539
clustered,0,0.0,28,130,18,6,6,RLE,95.38461538461539
clustered,0,0.0,29,130,18,6,6,RLE,95.38461538461539
clustered,0,0.0,30,130,18,6,6,RLE,95.38461538461539
clustered,0,0.0,31,130,18,6,6,RLE,95.38461538461539
clustered,0,0.0,32,130,18,6,6,RLE,95.38461538461539
clustered,0,0.0,33,130,18,6,6,RLE,95.38461538461539
clustered,0,0.0,34,130,18,6,6,RLE,95.38461538461539
clustered,0,0.0,35,130,18,6,6,RLE,95.38461538461539
clustered,0,0.0,36,130,18,6,6,RLE,95.38461538461539
clustered,0,0.0,37,130,18,6,6,RLE,95.38461538461539
clustered,0,0.0,38,130,18,6,6,RLE,95.38461538461539
clustered,0,0.0,39,130,18,6,6,RLE,95.38461538461539
clustered,0,0.0,40,130,18,6,6,RLE,95.38461538461539
clustered,0,0.0,41,130,18,6,6,RLE,95.38461538461539
clustered,0,0.0,42,130,18,6,6,RLE,95.38461538461539
clustered,0,0.0,43,130,18,6,6,RLE,95.38461538461539
clustered,0,0.0,44,130,18,6,6,RLE,95.38461538461539
clustered,0,0.0,45,130,18,6,6,RLE,95.38461538461539
clustered,0,0.0,46,130,18,6,6,RLE,95.38461538461539
clustered,0,0.0,47,130,18,6,6,RLE,95.38461538461539
clustered,0,0.0,48,130,18,6,6,RLE,95.38461538461539
clustered,0,0.0,49,130,18,6,6,RLE,95.38461538461539
clustered,0,0.0,50,130,18,6,6,RLE,95.38461538461539
clustered,0,0.0,51,130,18,6,6,RLE,95.38461538461539
clustered,0,0.0,52,130,18,6,6,RLE,95.38461538461539
clustered,0,0.0,53,130,18,6,6,RLE,95.38461538461539
clustered,0,0.0,54,130,18,6,6,RLE,95.38461538461539
clustered,0,0.0,55,130,18,6,6,RLE,95.38461538461539
clustered,0,0.0,56,130,18,6,6,RLE,95.38461538461539
clustered,0,0.0,57,130,18,6,6,RLE,95.38461538461539
clustered,0,0.0,58,130,18,6,6,RLE,95.38461538461539
clustered,0,0.0,59,130,18,6,6,RLE,95.38461538461539
clustered,0,0.0,60,130,18,6,6,RLE,95.38461538461539
clustered,0,0.0,61,130,18,6,6,RLE,95.38461538461539
clustered,0,0.0,62,130,18,6,6,RLE,95.38461538461539
clustered,0,0.0,63,130,18,6,6,RLE,95.38461538461539
clustered,0,0.0,64,130,18,6,6,RLE,95.38461538461539
clustered,0,0.0,65,130,18,6,6,RLE,95.38461538461539
clustered,0,0.0,66,130,18,6,6,RLE,95.38461538461539
clustered,0,0.0,67,130,18,6,6,RLE,95.38461538461539
clustered,0,0.0,68,130,18,6,6,RLE,95.38461538461539
clustered,0,0.0,69,130,18,6,6,RLE,95.38461538461539
clustered,0,0.0,70,130,18,6,6,RLE,95.38461538461539
clustered,0,0.0,71,130,18,6,6,RLE,95.38461538461539
clustered,0,0.0,72,130,18,6,6,RLE,95.38461538461539
clustered,0,0.0,73,130,18,6,6,RLE,95.38461538461539
clustered,0,0.0,74,130,18,6,6,RLE,95.38461538461539
clustered,0,0.0,75,130,18,6,6,RLE,95.38461538461539
clustered,0,0.0,76,130,18,6,6,RLE,95.38461538461539
clustered,0,0.0,77,130,18,6,6,RLE,95.38461538461539
clustered,0,0.0,78,130,18,6,6,RLE,95.38461538461539
clustered,0,0.0,79,130,18,6,6,RLE,95.38461538461539
clustered,0,0.0,80,130,18,6,6,RLE,95.38461538461539
clustered,0,0.0,81,130,18,6,6,RLE,95.38461538461539
clustered,0,0.0,82,130,18,6,6,RLE,95.38461538461539
clustered,0,0.0,83,130,18,6,6,RLE,95.38461538461539
clustered,0,0.0,84,130,18,6,6,RLE,95.38461538461539
clustered,0,0.0,85,130,18,6,6,RLE,95.38461538461539
clustered,0,0.0,86,130,18,6,6,RLE,95.38461538461539
clustered,0,0.0,87,130,18,6,6,RLE,95.38461538461539
clustered,0,0.0,88,130,18,6,6,RLE,95.38461538461539
clustered,0,0.0,89,130,18,6,6,RLE,95.38461538461539
clustered,0,0.0,90,130,18,6,6,RLE,95.38461538461539
clustered,0,0.0,91,130,18,6,6,RLE,95.38461538461539
clustered,0,0.0,92,130,18,6,6,RLE,95.38461538461539
clustered,0,0.0,93,130,18,6,6,RLE,95.38461538461539
clustered,0,0.0,94,130,18,6,6,RLE,95.38461538461539
clustered,0,0.0,95,130,18,6,6,RLE,95.38461538461539
clustered,0,0.0,96,130,18,6,6,RLE,95.38461538461539
clustered,0,0.0,97,130,18,6,6,RLE,95.38461538461539
clustered,0,0.0,98,130,18,6,6,RLE,95.38461538461539
clustered,0,0.0,99,130,18,6,6,RLE,95.38461538461539
clustered,1,0.0625,0,130,26,18,18,RLE,86.15384615384616
clustered,1,0.0625,1,130,26,18,18,RLE,86.15384615384616
clustered,1,0.0625,2,130,26,18,18,RLE,86.15384615384616
clustered,1,0.0625,3,130,26,18,18,RLE,86.15384615384616
clustered,1,0.0625,4,130,26,18,18,RLE,86.15384615384616
clustered,1,0.0625,5,130,26,18,18,RLE,86.15384615384616
clustered,1,0.0625,6,130,26,18,18,RLE,86.15384615384616
clustered,1,0.0625,7,130,26,18,18,RLE,86.15384615384616
clustered,1,0.0625,8,130,26,18,18,RLE,86.15384615384616
clustered,1,0.0625,9,130,26,18,18,RLE,86.15384615384616
clustered,1,0.0625,10,130,26,18,18,RLE,86.15384615384616
clustered,1,0.0625,11,130,26,18,18,RLE,86.15384615384616
clustered,1,0.0625,12,130,26,18,18,RLE,86.15384615384616
clustered,1,0.0625,13,130,26,18,18,RLE,86.15384615384616
clustered,1,0.0625,14,130,26,18,18,RLE,86.15384615384616
clustered,1,0.0625,15,130,26,18,18,RLE,86.15384615384616
clustered,1,0.0625,16,130,26,18,18,RLE,86.15384615384616
clustered,1,0.0625,17,130,26,18,18,RLE,86.15384615384616
clustered,1,0.0625,18,130,26,18,18,RLE,86.15384615384616
clustered,1,0.0625,19,130,26,18,18,RLE,86.15384615384616
clustered,1,0.0625,20,130,26,18,18,RLE,86.15384615384616
clustered,1,0.0625,21,130,26,18,18,RLE,86.15384615384616
clustered,1,0.0625,22,130,26,18,18,RLE,86.15384615384616
clustered,1,0.0625,23,130,26,18,18,RLE,86.15384615384616
clustered,1,0.0625,24,130,26,18,18,RLE,86.15384615384616
clustered,1,0.0625,25,130,26,18,18,RLE,86.15384615384616
clustered,1,0.0625,26,130,26,18,18,RLE,86.15384615384616
clustered,1,0.0625,27,130,26,18,18,RLE,86.15384615384616
clustered,1,0.0625,28,130,26,18,18,RLE,86.15384615384616
clustered,1,0.0625,29,130,26,18,18,RLE,86.15384615384616
clustered,1,0.0625,30,130,26,18,18,RLE,86.15384615384616
clustered,1,0.0625,31,130,26,18,18,RLE,86.15384615384616
clustered,1,0.0625,32,130,26,18,18,RLE,86.15384615384616
clustered,1,0.0625,33,130,26,18,18,RLE,86.15384615384616
clustered,1,0.0625,34,130,26,18,18,RLE,86.15384615384616
clustered,1,0.0625,35,130,26,18,18,RLE,86.15384615384616
clustered,1,0.0625,36,130,26,18,18,RLE,86.15384615384616
clustered,1,0.0625,37,130,26,18,18,RLE,86.15384615384616
clustered,1,0.0625,38,130,26,18,18,RLE,86.15384615384616
clustered,1,0.0625,39,130,26,18,18,RLE,86.15384615384616
clustered,1,0.0625,40,130,26,18,18,RLE,86.15384615384616
clustered,1,0.0625,41,130,26,18,18,RLE,86.15384615384616
clustered,1,0.0625,42,130,26,18,18,RLE,86.15384615384616
clustered,1,0.0625,43,130,26,18,18,RLE,86.15384615384616
clustered,1,0.0625,44,130,26,18,18,RLE,86.15384615384616
clustered,1,0.0625,45,130,26,18,18,RLE,86.15384615384616
clustered,1,0.0625,46,130,26,18,18,RLE,86.15384615384616
clustered,1,0.0625,47,130,26,18,18,RLE,86.15384615384616
clustered,1,0.0625,48,130,26,18,18,RLE,86.15384615384616
clustered,1,0.0625,49,130,26,18,18,RLE,86.15384615384616
clustered,1,0.0625,50,130,26,18,18,RLE,86.15384615384616
clustered,1,0.0625,51,130,26,18,18,RLE,86.15384615384616
clustered,1,0.0625,52,130,26,18,18,RLE,86.15384615384616
clustered,1,0.0625,53,130,26,18,18,RLE,86.15384615384616
clustered,1,0.0625,54,130,26,18,18,RLE,86.15384615384616
clustered,1,0.0625,55,130,26,18,18,RLE,86.15384615384616
clustered,1,0.0625,56,130,26,18,18,RLE,86.15384615384616
clustered,1,0.0625,57,130,26,18,18,RLE,86.15384615384616
clustered,1,0.0625,58,130,26,18,18,RLE,86.15384615384616
clustered,1,0.0625,59,130,26,18,18,RLE,86.15384615384616
clustered,1,0.0625,60,130,26,18,18,RLE,86.15384615384616
clustered,1,0.0625,61,130,26,18,18,RLE,86.15384615384616
clustered,1,0.0625,62,130,26,18,18,RLE,86.15384615384616
clustered,1,0.0625,63,130,26,18,18,RLE,86.15384615384616
clustered,1,0.0625,64,130,26,18,18,RLE,86.15384615384616
clustered,1,0.0625,65,130,26,18,18,RLE,86.15384615384616
clustered,1,0.0625,66,130,26,18,18,RLE,86.15384615384616
clustered,1,0.0625,67,130,26,18,18,RLE,86.15384615384616
clustered,1,0.0625,68,130,26,18,18,RLE,86.15384615384616
clustered,1,0.0625,69,130,26,18,18,RLE,86.15384615384616
clustered,1,0.0625,70,130,26,18,18,RLE,86.15384615384616
clustered,1,0.0625,71,130,26,18,18,RLE,86.15384615384616
clustered,1,0.0625,72,130,26,18,18,RLE,86.15384615384616
clustered,1,0.0625,73,130,26,18,18,RLE,86.15384615384616
clustered,1,0.0625,74,130,26,18,18,RLE,86.15384615384616
clustered,1,0.0625,75,130,26,18,18,RLE,86.15384615384616
clustered,1,0.0625,76,130,26,18,18,RLE,86.15384615384616
clustered,1,0.0625,77,130,26,18,18,RLE,86.15384615384616
clustered,1,0.0625,78,130,26,18,18,RLE,86.15384615384616
clustered,1,0.0625,79,130,26,18,18,RLE,86.15384615384616
clustered,1,0.0625,80,130,26,18,18,RLE,86.15384615384616
clustered,1,0.0625,81,130,26,18,18,RLE,86.15384615384616
clustered,1,0.0625,82,130,26,18,18,RLE,86.15384615384616
clustered,1,0.0625,83,130,26,18,18,RLE,86.15384615384616
clustered,1,0.0625,84,130,26,18,18,RLE,86.15384615384616
clustered,1,0.0625,85,130,26,18,18,RLE,86.15384615384616
clustered,1,0.0625,86,130,26,18,18,RLE,86.15384615384616
clustered,1,0.0625,87,130,26,18,18,RLE,86.15384615384616
clustered,1,0.0625,88,130,26,18,18,RLE,86.15384615384616
clustered,1,0.0625,89,130,26,18,18,RLE,86.15384615384616
clustered,1,0.0625,90,130,26,18,18,RLE,86.15384615384616
clustered,1,0.0625,91,130,26,18,18,RLE,86.15384615384616
clustered,1,0.0625,92,130,26,18,18,RLE,86.15384615384616
clustered,1,0.0625,93,130,26,18,18,RLE,86.15384615384616
clustered,1,0.0625,94,130,26,18,18,RLE,86.15384615384616
clustered,1,0.0625,95,130,26,18,18,RLE,86.15384615384616
clustered,1,0.0625,96,130,26,18,18,RLE,86.15384615384616
clustered,1,0.0625,97,130,26,18,18,RLE,86.15384615384616
clustered,1,0.0625,98,130,26,18,18,RLE,86.15384615384616
clustered,1,0.0625,99,130,26,18,18,RLE,86.15384615384616
clustered,2,0.125,0,130,34,30,30,RLE,76.92307692307692
clustered,2,0.125,1,130,34,30,30,RLE,76.92307692307692
clustered,2,0.125,2,130,34,30,30,RLE,76.92307692307692
clustered,2,0.125,3,130,34,30,30,RLE,76.92307692307692
clustered,2,0.125,4,130,34,30,30,RLE,76.92307692307692
clustered,2,0.125,5,130,34,30,30,RLE,76.92307692307692
clustered,2,0.125,6,130,34,30,30,RLE,76.92307692307692
clustered,2,0.125,7,130,34,30,30,RLE,76.92307692307692
clustered,2,0.125,8,130,34,30,30,RLE,76.92307692307692
clustered,2,0.125,9,130,34,30,30,RLE,76.92307692307692
clustered,2,0.125,10,130,34,30,30,RLE,76.92307692307692
clustered,2,0.125,11,130,34,30,30,RLE,76.92307692307692
clustered,2,0.125,12,130,34,30,30,RLE,76.92307692307692
clustered,2,0.125,13,130,34,30,30,RLE,76.92307692307692
clustered,2,0.125,14,130,34,30,30,RLE,76.92307692307692
clustered,2,0.125,15,130,34,30,30,RLE,76.92307692307692
clustered,2,0.125,16,130,34,30,30,RLE,76.92307692307692
clustered,2,0.125,17,130,34,30,30,RLE,76.92307692307692
clustered,2,0.125,18,130,34,30,30,RLE,76.92307692307692
clustered,2,0.125,19,130,34,30,30,RLE,76.92307692307692
clustered,2,0.125,20,130,34,30,30,RLE,76.92307692307692
clustered,2,0.125,21,130,34,30,30,RLE,76.92307692307692
clustered,2,0.125,22,130,34,30,30,RLE,76.92307692307692
clustered,2,0.125,23,130,34,30,30,RLE,76.92307692307692
clustered,2,0.125,24,130,34,30,30,RLE,76.92307692307692
clustered,2,0.125,25,130,34,30,30,RLE,76.92307692307692
clustered,2,0.125,26,130,34,30,30,RLE,76.92307692307692
clustered,2,0.125,27,130,34,30,30,RLE,76.92307692307692
clustered,2,0.125,28,130,34,30,30,RLE,76.92307692307692
clustered,2,0.125,29,130,34,30,30,RLE,76.92307692307692
clustered,2,0.125,30,130,34,30,30,RLE,76.92307692307692
clustered,2,0.125,31,130,34,30,30,RLE,76.92307692307692
clustered,2,0.125,32,130,34,30,30,RLE,76.92307692307692
clustered,2,0.125,33,130,34,30,30,RLE,76.92307692307692
clustered,2,0.125,34,130,34,30,30,RLE,76.92307692307692
clustered,2,0.125,35,130,34,30,30,RLE,76.92307692307692
clustered,2,0.125,36,130,34,30,30,RLE,76.92307692307692
clustered,2,0.125,37,130,34,30,30,RLE,76.92307692307692
clustered,2,0.125,38,130,34,30,30,RLE,76.92307692307692
clustered,2,0.125,39,130,34,30,30,RLE,76.92307692307692
clustered,2,0.125,40,130,34,30,30,RLE,76.92307692307692
clustered,2,0.125,41,130,34,30,30,RLE,76.92307692307692
clustered,2,0.125,42,130,34,30,30,RLE,76.92307692307692
clustered,2,0.125,43,130,34,30,30,RLE,76.92307692307692
clustered,2,0.125,44,130,34,30,30,RLE,76.92307692307692
clustered,2,0.125,45,130,34,30,30,RLE,76.92307692307692
clustered,2,0.125,46,130,34,30,30,RLE,76.92307692307692
clustered,2,0.125,47,130,34,30,30,RLE,76.92307692307692
clustered,2,0.125,48,130,34,30,30,RLE,76.92307692307692
clustered,2,0.125,49,130,34,30,30,RLE,76.92307692307692
clustered,2,0.125,50,130,34,30,30,RLE,76.92307692307692
clustered,2,0.125,51,130,34,30,30,RLE,76.92307692307692
clustered,2,0.125,52,130,34,30,30,RLE,76.92307692307692
clustered,2,0.125,53,130,34,30,30,RLE,76.92307692307692
clustered,2,0.125,54,130,34,30,30,RLE,76.92307692307692
clustered,2,0.125,55,130,34,30,30,RLE,76.92307692307692
clustered,2,0.125,56,130,34,30,30,RLE,76.92307692307692
clustered,2,0.125,57,130,34,30,30,RLE,76.92307692307692
clustered,2,0.125,58,130,34,30,30,RLE,76.92307692307692
clustered,2,0.125,59,130,34,30,30,RLE,76.92307692307692
clustered,2,0.125,60,130,34,30,30,RLE,76.92307692307692
clustered,2,0.125,61,130,34,30,30,RLE,76.92307692307692
clustered,2,0.125,62,130,34,30,30,RLE,76.92307692307692
clustered,2,0.125,63,130,34,30,30,RLE,76.92307692307692
clustered,2,0.125,64,130,34,30,30,RLE,76.92307692307692
clustered,2,0.125,65,130,34,30,30,RLE,76.92307692307692
clustered,2,0.125,66,130,34,30,30,RLE,76.92307692307692
clustered,2,0.125,67,130,34,30,30,RLE,76.92307692307692
clustered,2,0.125,68,130,34,30,30,RLE,76.92307692307692
clustered,2,0.125,69,130,34,30,30,RLE,76.92307692307692
clustered,2,0.125,70,130,34,30,30,RLE,76.92307692307692
clustered,2,0.125,71,130,34,30,30,RLE,76.92307692307692
clustered,2,0.125,72,130,34,30,30,RLE,76.92307692307692
clustered,2,0.125,73,130,34,30,30,RLE,76.92307692307692
clustered,2,0.125,74,130,34,30,30,RLE,76.92307692307692
clustered,2,0.125,75,130,34,30,30,RLE,76.92307692307692
clustered,2,0.125,76,130,34,30,30,RLE,76.92307692307692
clustered,2,0.125,77,130,34,30,30,RLE,76.92307692307692
clustered,2,0.125,78,130,34,30,30,RLE,76.92307692307692
clustered,2,0.125,79,130,34,30,30,RLE,76.92307692307692
clustered,2,0.125,80,130,34,30,30,RLE,76.92307692307692
clustered,2,0.125,81,130,34,30,30,RLE,76.92307692307692
clustered,2,0.125,82,130,34,30,30,RLE,76.92307692307692
clustered,2,0.125,83,130,34,30,30,RLE,76.92307692307692
clustered,2,0.125,84,130,34,30,30,RLE,76.92307692307692
clustered,2,0.125,85,130,34,30,30,RLE,76.92307692307692
clustered,2,0.125,86,130,34,30,30,RLE,76.92307692307692
clustered,2,0.125,87,130,34,30,30,RLE,76.92307692307692
clustered,2,0.125,88,130,34,30,30,RLE,76.92307692307692
clustered,2,0.125,89,130,34,30,30,RLE,76.92307692307692
clustered,2,0.125,90,130,34,30,30,RLE,76.92307692307692
clustered,2,0.125,91,130,34,30,30,RLE,76.92307692307692
clustered,2,0.125,92,130,34,30,30,RLE,76.92307692307692
clustered,2,0.125,93,130,34,30,30,RLE,76.92307692307692
clustered,2,0.125,94,130,34,30,30,RLE,76.92307692307692
clustered,2,0.125,95,130,34,30,30,RLE,76.92307692307692
clustered,2,0.125,96,130,34,30,30,RLE,76.92307692307692
clustered,2,0.125,97,130,34,30,30,RLE,76.92307692307692
clustered,2,0.125,98,130,34,30,30,RLE,76.92307692307692
clustered,2,0.125,99,130,34,30,30,RLE,76.92307692307692
clustered,3,0.1875,0,130,42,42,42,BITMAP,67.6923076923077
clustered,3,0.1875,1,130,42,42,42,BITMAP,67.6923076923077
clustered,3,0.1875,2,130,42,42,42,BITMAP,67.6923076923077
clustered,3,0.1875,3,130,42,42,42,BITMAP,67.6923076923077
clustered,3,0.1875,4,130,42,42,42,BITMAP,67.6923076923077
clustered,3,0.1875,5,130,42,42,42,BITMAP,67.6923076923077
clustered,3,0.1875,6,130,42,42,42,BITMAP,67.6923076923077
clustered,3,0.1875,7,130,42,42,42,BITMAP,67.6923076923077
clustered,3,0.1875,8,130,42,42,42,BITMAP,67.6923076923077
clustered,3,0.1875,9,130,42,42,42,BITMAP,67.6923076923077
clustered,3,0.1875,10,130,42,42,42,BITMAP,67.6923076923077
clustered,3,0.1875,11,130,42,42,42,BITMAP,67.6923076923077
clustered,3,0.1875,12,130,42,42,42,BITMAP,67.6923076923077
clustered,3,0.1875,13,130,42,42,42,BITMAP,67.6923076923077
clustered,3,0.1875,14,130,42,42,42,BITMAP,67.6923076923077
clustered,3,0.1875,15,130,42,42,42,BITMAP,67.6923076923077
clustered,3,0.1875,16,130,42,42,42,BITMAP,67.6923076923077
clustered,3,0.1875,17,130,42,42,42,BITMAP,67.6923076923077
clustered,3,0.1875,18,130,42,42,42,BITMAP,67.6923076923077
clustered,3,0.1875,19,130,42,42,42,BITMAP,67.6923076923077
clustered,3,0.1875,20,130,42,42,42,BITMAP,67.6923076923077
clustered,3,0.1875,21,130,42,42,42,BITMAP,67.6923076923077
clustered,3,0.1875,22,130,42,42,42,BITMAP,67.6923076923077
clustered,3,0.1875,23,130,42,42,42,BITMAP,67.6923076923077
clustered,3,0.1875,24,130,42,42,42,BITMAP,67.6923076923077
clustered,3,0.1875,25,130,42,42,42,BITMAP,67.6923076923077
clustered,3,0.1875,26,130,42,42,42,BITMAP,67.6923076923077
clustered,3,0.1875,27,130,42,42,42,BITMAP,67.6923076923077
clustered,3,0.1875,28,130,42,42,42,BITMAP,67.6923076923077
clustered,3,0.1875,29,130,42,42,42,BITMAP,67.6923076923077
clustered,3,0.1875,30,130,42,42,42,BITMAP,67.6923076923077
clustered,3,0.1875,31,130,42,42,42,BITMAP,67.6923076923077
clustered,3,0.1875,32,130,42,42,42,BITMAP,67.6923076923077
clustered,3,0.1875,33,130,42,42,42,BITMAP,67.6923076923077
clustered,3,0.1875,34,130,42,42,42,BITMAP,67.6923076923077
clustered,3,0.1875,35,130,42,42,42,BITMAP,67.6923076923077
clustered,3,0.1875,36,130,42,42,42,BITMAP,67.6923076923077
clustered,3,0.1875,37,130,42,42,42,BITMAP,67.6923076923077
clustered,3,0.1875,38,130,42,42,42,BITMAP,67.6923076923077
clustered,3,0.1875,39,130,42,42,42,BITMAP,67.6923076923077
clustered,3,0.1875,40,130,42,42,42,BITMAP,67.6923076923077
clustered,3,0.1875,41,130,42,42,42,BITMAP,67.6923076923077
clustered,3,0.1875,42,130,42,42,42,BITMAP,67.6923076923077
clustered,3,0.1875,43,130,42,42,42,BITMAP,67.6923076923077
clustered,3,0.1875,44,130,42,42,42,BITMAP,67.6923076923077
clustered,3,0.1875,45,130,42,42,42,BITMAP,67.6923076923077
clustered,3,0.1875,46,130,42,42,42,BITMAP,67.6923076923077
clustered,3,0.1875,47,130,42,42,42,BITMAP,67.6923076923077
clustered,3,0.1875,48,130,42,42,42,BITMAP,67.6923076923077
clustered,3,0.1875,49,130,42,42,42,BITMAP,67.6923076923077
clustered,3,0.1875,50,130,42,42,42,BITMAP,67.6923076923077
clustered,3,0.1875,51,130,42,42,42,BITMAP,67.6923076923077
clustered,3,0.1875,52,130,42,42,42,BITMAP,67.6923076923077
clustered,3,0.1875,53,130,42,42,42,BITMAP,67.6923076923077
clustered,3,0.1875,54,130,42,42,42,BITMAP,67.6923076923077
clustered,3,0.1875,55,130,42,42,42,BITMAP,67.6923076923077
clustered,3,0.1875,56,130,42,42,42,BITMAP,67.6923076923077
clustered,3,0.1875,57,130,42,42,42,BITMAP,67.6923076923077
clustered,3,0.1875,58,130,42,42,42,BITMAP,67.6923076923077
clustered,3,0.1875,59,130,42,42,42,BITMAP,67.6923076923077
clustered,3,0.1875,60,130,42,42,42,BITMAP,67.6923076923077
clustered,3,0.1875,61,130,42,42,42,BITMAP,67.6923076923077
clustered,3,0.1875,62,130,42,42,42,BITMAP,67.6923076923077
clustered,3,0.1875,63,130,42,42,42,BITMAP,67.6923076923077
clustered,3,0.1875,64,130,42,42,42,BITMAP,67.6923076923077
clustered,3,0.1875,65,130,42,42,42,BITMAP,67.6923076923077
clustered,3,0.1875,66,130,42,42,42,BITMAP,67.6923076923077
clustered,3,0.1875,67,130,42,42,42,BITMAP,67.6923076923077
clustered,3,0.1875,68,130,42,42,42,BITMAP,67.6923076923077
clustered,3,0.1875,69,130,42,42,42,BITMAP,67.6923076923077
clustered,3,0.1875,70,130,42,42,42,BITMAP,67.6923076923077
clustered,3,0.1875,71,130,42,42,42,BITMAP,67.6923076923077
clustered,3,0.1875,72,130,42,42,42,BITMAP,67.6923076923077
clustered,3,0.1875,73,130,42,42,42,BITMAP,67.6923076923077
clustered,3,0.1875,74,130,42,42,42,BITMAP,67.6923076923077
clustered,3,0.1875,75,130,42,42,42,BITMAP,67.6923076923077
clustered,3,0.1875,76,130,42,42,42,BITMAP,67.6923076923077
clustered,3,0.1875,77,130,42,42,42,BITMAP,67.6923076923077
clustered,3,0.1875,78,130,42,42,42,BITMAP,67.6923076923077
clustered,3,0.1875,79,130,42,42,42,BITMAP,67.6923076923077
clustered,3,0.1875,80,130,42,42,42,BITMAP,67.6923076923077
clustered,3,0.1875,81,130,42,42,42,BITMAP,67.6923076923077
clustered,3,0.1875,82,130,42,42,42,BITMAP,67.6923076923077
clustered,3,0.1875,83,130,42,42,42,BITMAP,67.6923076923077
clustered,3,0.1875,84,130,42,42,42,BITMAP,67.6923076923077
clustered,3,0.1875,85,130,42,42,42,BITMAP,67.6923076923077
clustered,3,0.1875,86,130,42,42,42,BITMAP,67.6923076923077
clustered,3,0.1875,87,130,42,42,42,BITMAP,67.6923076923077
clustered,3,0.1875,88,130,42,42,42,BITMAP,67.6923076923077
clustered,3,0.1875,89,130,42,42,42,BITMAP,67.6923076923077
clustered,3,0.1875,90,130,42,42,42,BITMAP,67.6923076923077
clustered,3,0.1875,91,130,42,42,42,BITMAP,67.6923076923077
clustered,3,0.1875,92,130,42,42,42,BITMAP,67.6923076923077
clustered,3,0.1875,93,130,42,42,42,BITMAP,67.6923076923077
clustered,3,0.1875,94,130,42,42,42,BITMAP,67.6923076923077
clustered,3,0.1875,95,130,42,42,42,BITMAP,67.6923076923077
clustered,3,0.1875,96,130,42,42,42,BITMAP,67.6923076923077
clustered,3,0.1875,97,130,42,42,42,BITMAP,67.6923076923077
clustered,3,0.1875,98,130,42,42,42,BITMAP,67.6923076923077
clustered,3,0.1875,99,130,42,42,42,BITMAP,67.6923076923077
clustered,4,0.25,0,130,50,54,50,BITMAP,61.53846153846154
clustered,4,0.25,1,130,50,54,50,BITMAP,61.53846153846154
clustered,4,0.25,2,130,50,54,50,BITMAP,61.53846153846154
clustered,4,0.25,3,130,50,54,50,BITMAP,61.53846153846154
clustered,4,0.25,4,130,50,54,50,BITMAP,61.53846153846154
clustered,4,0.25,5,130,50,54,50,BITMAP,61.53846153846154
clustered,4,0.25,6,130,50,54,50,BITMAP,61.53846153846154
clustered,4,0.25,7,130,50,54,50,BITMAP,61.53846153846154
clustered,4,0.25,8,130,50,54,50,BITMAP,61.53846153846154
clustered,4,0.25,9,130,50,54,50,BITMAP,61.53846153846154
clustered,4,0.25,10,130,50,54,50,BITMAP,61.53846153846154
clustered,4,0.25,11,130,50,54,50,BITMAP,61.53846153846154
clustered,4,0.25,12,130,50,54,50,BITMAP,61.53846153846154
clustered,4,0.25,13,130,50,54,50,BITMAP,61.53846153846154
clustered,4,0.25,14,130,50,54,50,BITMAP,61.53846153846154
clustered,4,0.25,15,130,50,54,50,BITMAP,61.53846153846154
clustered,4,0.25,16,130,50,54,50,BITMAP,61.53846153846154
clustered,4,0.25,17,130,50,54,50,BITMAP,61.53846153846154
clustered,4,0.25,18,130,50,54,50,BITMAP,61.53846153846154
clustered,4,0.25,19,130,50,54,50,BITMAP,61.53846153846154
clustered,4,0.25,20,130,50,54,50,BITMAP,61.53846153846154
clustered,4,0.25,21,130,50,54,50,BITMAP,61.53846153846154
clustered,4,0.25,22,130,50,54,50,BITMAP,61.53846153846154
clustered,4,0.25,23,130,50,54,50,BITMAP,61.53846153846154
clustered,4,0.25,24,130,50,54,50,BITMAP,61.53846153846154
clustered,4,0.25,25,130,50,54,50,BITMAP,61.53846153846154
clustered,4,0.25,26,130,50,54,50,BITMAP,61.53846153846154
clustered,4,0.25,27,130,50,54,50,BITMAP,61.53846153846154
clustered,4,0.25,28,130,50,54,50,BITMAP,61.53846153846154
clustered,4,0.25,29,130,50,54,50,BITMAP,61.53846153846154
clustered,4,0.25,30,130,50,54,50,BITMAP,61.53846153846154
clustered,4,0.25,31,130,50,54,50,BITMAP,61.53846153846154
clustered,4,0.25,32,130,50,54,50,BITMAP,61.53846153846154
clustered,4,0.25,33,130,50,54,50,BITMAP,61.53846153846154
clustered,4,0.25,34,130,50,54,50,BITMAP,61.53846153846154
clustered,4,0.25,35,130,50,54,50,BITMAP,61.53846153846154
clustered,4,0.25,36,130,50,54,50,BITMAP,61.53846153846154
clustered,4,0.25,37,130,50,54,50,BITMAP,61.53846153846154
clustered,4,0.25,38,130,50,54,50,BITMAP,61.53846153846154
clustered,4,0.25,39,130,50,54,50,BITMAP,61.53846153846154
clustered,4,0.25,40,130,50,54,50,BITMAP,61.53846153846154
clustered,4,0.25,41,130,50,54,50,BITMAP,61.53846153846154
clustered,4,0.25,42,130,50,54,50,BITMAP,61.53846153846154
clustered,4,0.25,43,130,50,54,50,BITMAP,61.53846153846154
clustered,4,0.25,44,130,50,54,50,BITMAP,61.53846153846154
clustered,4,0.25,45,130,50,54,50,BITMAP,61.53846153846154
clustered,4,0.25,46,130,50,54,50,BITMAP,61.53846153846154
clustered,4,0.25,47,130,50,54,50,BITMAP,61.53846153846154
clustered,4,0.25,48,130,50,54,50,BITMAP,61.53846153846154
clustered,4,0.25,49,130,50,54,50,BITMAP,61.53846153846154
clustered,4,0.25,50,130,50,54,50,BITMAP,61.53846153846154
clustered,4,0.25,51,130,50,54,50,BITMAP,61.53846153846154
clustered,4,0.25,52,130,50,54,50,BITMAP,61.53846153846154
clustered,4,0.25,53,130,50,54,50,BITMAP,61.53846153846154
clustered,4,0.25,54,130,50,54,50,BITMAP,61.53846153846154
clustered,4,0.25,55,130,50,54,50,BITMAP,61.53846153846154
clustered,4,0.25,56,130,50,54,50,BITMAP,61.53846153846154
clustered,4,0.25,57,130,50,54,50,BITMAP,61.53846153846154
clustered,4,0.25,58,130,50,54,50,BITMAP,61.53846153846154
clustered,4,0.25,59,130,50,54,50,BITMAP,61.53846153846154
clustered,4,0.25,60,130,50,54,50,BITMAP,61.53846153846154
clustered,4,0.25,61,130,50,54,50,BITMAP,61.53846153846154
clustered,4,0.25,62,130,50,54,50,BITMAP,61.53846153846154
clustered,4,0.25,63,130,50,54,50,BITMAP,61.53846153846154
clustered,4,0.25,64,130,50,54,50,BITMAP,61.53846153846154
clustered,4,0.25,65,130,50,54,50,BITMAP,61.53846153846154
clustered,4,0.25,66,130,50,54,50,BITMAP,61.53846153846154
clustered,4,0.25,67,130,50,54,50,BITMAP,61.53846153846154
clustered,4,0.25,68,130,50,54,50,BITMAP,61.53846153846154
clustered,4,0.25,69,130,50,54,50,BITMAP,61.53846153846154
clustered,4,0.25,70,130,50,54,50,BITMAP,61.53846153846154
clustered,4,0.25,71,130,50,54,50,BITMAP,61.53846153846154
clustered,4,0.25,72,130,50,54,50,BITMAP,61.53846153846154
clustered,4,0.25,73,130,50,54,50,BITMAP,61.53846153846154
clustered,4,0.25,74,130,50,54,50,BITMAP,61.53846153846154
clustered,4,0.25,75,130,50,54,50,BITMAP,61.53846153846154
clustered,4,0.25,76,130,50,54,50,BITMAP,61.53846153846154
clustered,4,0.25,77,130,50,54,50,BITMAP,61.53846153846154
clustered,4,0.25,78,130,50,54,50,BITMAP,61.53846153846154
clustered,4,0.25,79,130,50,54,50,BITMAP,61.53846153846154
clustered,4,0.25,80,130,50,54,50,BITMAP,61.53846153846154
clustered,4,0.25,81,130,50,54,50,BITMAP,61.53846153846154
clustered,4,0.25,82,130,50,54,50,BITMAP,61.53846153846154
clustered,4,0.25,83,130,50,54,50,BITMAP,61.53846153846154
clustered,4,0.25,84,130,50,54,50,BITMAP,61.53846153846154
clustered,4,0.25,85,130,50,54,50,BITMAP,61.53846153846154
clustered,4,0.25,86,130,50,54,50,BITMAP,61.53846153846154
clustered,4,0.25,87,130,50,54,50,BITMAP,61.53846153846154
clustered,4,0.25,88,130,50,54,50,BITMAP,61.53846153846154
clustered,4,0.25,89,130,50,54,50,BITMAP,61.53846153846154
clustered,4,0.25,90,130,50,54,50,BITMAP,61.53846153846154
clustered,4,0.25,91,130,50,54,50,BITMAP,61.53846153846154
clustered,4,0.25,92,130,50,54,50,BITMAP,61.53846153846154
clustered,4,0.25,93,130,50,54,50,BITMAP,61.53846153846154
clustered,4,0.25,94,130,50,54,50,BITMAP,61.53846153846154
clustered,4,0.25,95,130,50,54,50,BITMAP,61.53846153846154
clustered,4,0.25,96,130,50,54,50,BITMAP,61.53846153846154
clustered,4,0.25,97,130,50,54,50,BITMAP,61.53846153846154
clustered,4,0.25,98,130,50,54,50,BITMAP,61.53846153846154
clustered,4,0.25,99,130,50,54,50,BITMAP,61.53846153846154
clustered,5,0.3125,0,130,58,66,58,BITMAP,55.38461538461539
clustered,5,0.3125,1,130,58,66,58,BITMAP,55.38461538461539
clustered,5,0.3125,2,130,58,66,58,BITMAP,55.38461538461539
clustered,5,0.3125,3,130,58,66,58,BITMAP,55.38461538461539
clustered,5,0.3125,4,130,58,66,58,BITMAP,55.38461538461539
clustered,5,0.3125,5,130,58,66,58,BITMAP,55.38461538461539
clustered,5,0.3125,6,130,58,66,58,BITMAP,55.38461538461539
clustered,5,0.3125,7,130,58,66,58,BITMAP,55.38461538461539
clustered,5,0.3125,8,130,58,66,58,BITMAP,55.38461538461539
clustered,5,0.3125,9,130,58,66,58,BITMAP,55.38461538461539
clustered,5,0.3125,10,130,58,66,58,BITMAP,55.38461538461539
clustered,5,0.3125,11,130,58,66,58,BITMAP,55.38461538461539
clustered,5,0.3125,12,130,58,66,58,BITMAP,55.38461538461539
clustered,5,0.3125,13,130,58,66,58,BITMAP,55.38461538461539
clustered,5,0.3125,14,130,58,66,58,BITMAP,55.38461538461539
clustered,5,0.3125,15,130,58,66,58,BITMAP,55.38461538461539
clustered,5,0.3125,16,130,58,66,58,BITMAP,55.38461538461539
clustered,5,0.3125,17,130,58,66,58,BITMAP,55.38461538461539
clustered,5,0.3125,18,130,58,66,58,BITMAP,55.38461538461539
clustered,5,0.3125,19,130,58,66,58,BITMAP,55.38461538461539
clustered,5,0.3125,20,130,58,66,58,BITMAP,55.38461538461539
clustered,5,0.3125,21,130,58,66,58,BITMAP,55.38461538461539
clustered,5,0.3125,22,130,58,66,58,BITMAP,55.38461538461539
clustered,5,0.3125,23,130,58,66,58,BITMAP,55.38461538461539
clustered,5,0.3125,24,130,58,66,58,BITMAP,55.38461538461539
clustered,5,0.3125,25,130,58,66,58,BITMAP,55.38461538461539
clustered,5,0.3125,26,130,58,66,58,BITMAP,55.38461538461539
clustered,5,0.3125,27,130,58,66,58,BITMAP,55.38461538461539
clustered,5,0.3125,28,130,58,66,58,BITMAP,55.38461538461539
clustered,5,0.3125,29,130,58,66,58,BITMAP,55.38461538461539
clustered,5,0.3125,30,130,58,66,58,BITMAP,55.38461538461539
clustered,5,0.3125,31,130,58,66,58,BITMAP,55.38461538461539
clustered,5,0.3125,32,130,58,66,58,BITMAP,55.38461538461539
clustered,5,0.3125,33,130,58,66,58,BITMAP,55.38461538461539
clustered,5,0.3125,34,130,58,66,58,BITMAP,55.38461538461539
clustered,5,0.3125,35,130,58,66,58,BITMAP,55.38461538461539
clustered,5,0.3125,36,130,58,66,58,BITMAP,55.38461538461539
clustered,5,0.3125,37,130,58,66,58,BITMAP,55.38461538461539
clustered,5,0.3125,38,130,58,66,58,BITMAP,55.38461538461539
clustered,5,0.3125,39,130,58,66,58,BITMAP,55.38461538461539
clustered,5,0.3125,40,130,58,66,58,BITMAP,55.38461538461539
clustered,5,0.3125,41,130,58,66,58,BITMAP,55.38461538461539
clustered,5,0.3125,42,130,58,66,58,BITMAP,55.38461538461539
clustered,5,0.3125,43,130,58,66,58,BITMAP,55.38461538461539
clustered,5,0.3125,44,130,58,66,58,BITMAP,55.38461538461539
clustered,5,0.3125,45,130,58,66,58,BITMAP,55.38461538461539
clustered,5,0.3125,46,130,58,66,58,BITMAP,55.38461538461539
clustered,5,0.3125,47,130,58,66,58,BITMAP,55.38461538461539
clustered,5,0.3125,48,130,58,66,58,BITMAP,55.38461538461539
clustered,5,0.3125,49,130,58,66,58,BITMAP,55.38461538461539
clustered,5,0.3125,50,130,58,66,58,BITMAP,55.38461538461539
clustered,5,0.3125,51,130,58,66,58,BITMAP,55.38461538461539
clustered,5,0.3125,52,130,58,66,58,BITMAP,55.38461538461539
clustered,5,0.3125,53,130,58,66,58,BITMAP,55.38461538461539
clustered,5,0.3125,54,130,58,66,58,BITMAP,55.38461538461539
clustered,5,0.3125,55,130,58,66,58,BITMAP,55.38461538461539
clustered,5,0.3125,56,130,58,66,58,BITMAP,55.38461538461539
clustered,5,0.3125,57,130,58,66,58,BITMAP,55.38461538461539
clustered,5,0.3125,58,130,58,66,58,BITMAP,55.38461538461539
clustered,5,0.3125,59,130,58,66,58,BITMAP,55.38461538461539
clustered,5,0.3125,60,130,58,66,58,BITMAP,55.38461538461539
clustered,5,0.3125,61,130,58,66,58,BITMAP,55.38461538461539
clustered,5,0.3125,62,130,58,66,58,BITMAP,55.38461538461539
clustered,5,0.3125,63,130,58,66,58,BITMAP,55.38461538461539
clustered,5,0.3125,64,130,58,66,58,BITMAP,55.38461538461539
clustered,5,0.3125,65,130,58,66,58,BITMAP,55.38461538461539
clustered,5,0.3125,66,130,58,66,58,BITMAP,55.38461538461539
clustered,5,0.3125,67,130,58,66,58,BITMAP,55.38461538461539
clustered,5,0.3125,68,130,58,66,58,BITMAP,55.38461538461539
clustered,5,0.3125,69,130,58,66,58,BITMAP,55.38461538461539
clustered,5,0.3125,70,130,58,66,58,BITMAP,55.38461538461539
clustered,5,0.3125,71,130,58,66,58,BITMAP,55.38461538461539
clustered,5,0.3125,72,130,58,66,58,BITMAP,55.38461538461539
clustered,5,0.3125,73,130,58,66,58,BITMAP,55.38461538461539
clustered,5,0.3125,74,130,58,66,58,BITMAP,55.38461538461539
clustered,5,0.3125,75,130,58,66,58,BITMAP,55.38461538461539
clustered,5,0.3125,76,130,58,66,58,BITMAP,55.38461538461539
clustered,5,0.3125,77,130,58,66,58,BITMAP,55.38461538461539
clustered,5,0.3125,78,130,58,66,58,BITMAP,55.38461538461539
clustered,5,0.3125,79,130,58,66,58,BITMAP,55.38461538461539
clustered,5,0.3125,80,130,58,66,58,BITMAP,55.38461538461539
clustered,5,0.3125,81,130,58,66,58,BITMAP,55.38461538461539
clustered,5,0.3125,82,130,58,66,58,BITMAP,55.38461538461539
clustered,5,0.3125,83,130,58,66,58,BITMAP,55.38461538461539
clustered,5,0.3125,84,130,58,66,58,BITMAP,55.38461538461539
clustered,5,0.3125,85,130,58,66,58,BITMAP,55.38461538461539
clustered,5,0.3125,86,130,58,66,58,BITMAP,55.38461538461539
clustered,5,0.3125,87,130,58,66,58,BITMAP,55.38461538461539
clustered,5,0.3125,88,130,58,66,58,BITMAP,55.38461538461539
clustered,5,0.3125,89,130,58,66,58,BITMAP,55.38461538461539
clustered,5,0.3125,90,130,58,66,58,BITMAP,55.38461538461539
clustered,5,0.3125,91,130,58,66,58,BITMAP,55.38461538461539
clustered,5,0.3125,92,130,58,66,58,BITMAP,55.38461538461539
clustered,5,0.3125,93,130,58,66,58,BITMAP,55.38461538461539
clustered,5,0.3125,94,130,58,66,58,BITMAP,55.38461538461539
clustered,5,0.3125,95,130,58,66,58,BITMAP,55.38461538461539
clustered,5,0.3125,96,130,58,66,58,BITMAP,55.38461538461539
clustered,5,0.3125,97,130,58,66,58,BITMAP,55.38461538461539
clustered,5,0.3125,98,130,58,66,58,BITMAP,55.38461538461539
clustered,5,0.3125,99,130,58,66,58,BITMAP,55.38461538461539
clustered,6,0.375,0,130,66,78,66,BITMAP,49.23076923076923
clustered,6,0.375,1,130,66,78,66,BITMAP,49.23076923076923
clustered,6,0.375,2,130,66,78,66,BITMAP,49.23076923076923
clustered,6,0.375,3,130,66,78,66,BITMAP,49.23076923076923
clustered,6,0.375,4,130,66,78,66,BITMAP,49.23076923076923
clustered,6,0.375,5,130,66,78,66,BITMAP,49.23076923076923
clustered,6,0.375,6,130,66,78,66,BITMAP,49.23076923076923
clustered,6,0.375,7,130,66,78,66,BITMAP,49.23076923076923
clustered,6,0.375,8,130,66,78,66,BITMAP,49.23076923076923
clustered,6,0.375,9,130,66,78,66,BITMAP,49.23076923076923
clustered,6,0.375,10,130,66,78,66,BITMAP,49.23076923076923
clustered,6,0.375,11,130,66,78,66,BITMAP,49.23076923076923
clustered,6,0.375,12,130,66,78,66,BITMAP,49.23076923076923
clustered,6,0.375,13,130,66,78,66,BITMAP,49.23076923076923
clustered,6,0.375,14,130,66,78,66,BITMAP,49.23076923076923
clustered,6,0.375,15,130,66,78,66,BITMAP,49.23076923076923
clustered,6,0.375,16,130,66,78,66,BITMAP,49.23076923076923
clustered,6,0.375,17,130,66,78,66,BITMAP,49.23076923076923
clustered,6,0.375,18,130,66,78,66,BITMAP,49.23076923076923
clustered,6,0.375,19,130,66,78,66,BITMAP,49.23076923076923
clustered,6,0.375,20,130,66,78,66,BITMAP,49.23076923076923
clustered,6,0.375,21,130,66,78,66,BITMAP,49.23076923076923
clustered,6,0.375,22,130,66,78,66,BITMAP,49.23076923076923
clustered,6,0.375,23,130,66,78,66,BITMAP,49.23076923076923
clustered,6,0.375,24,130,66,78,66,BITMAP,49.23076923076923
clustered,6,0.375,25,130,66,78,66,BITMAP,49.23076923076923
clustered,6,0.375,26,130,66,78,66,BITMAP,49.23076923076923
clustered,6,0.375,27,130,66,78,66,BITMAP,49.23076923076923
clustered,6,0.375,28,130,66,78,66,BITMAP,49.23076923076923
clustered,6,0.375,29,130,66,78,66,BITMAP,49.23076923076923
clustered,6,0.375,30,130,66,78,66,BITMAP,49.23076923076923
clustered,6,0.375,31,130,66,78,66,BITMAP,49.23076923076923
clustered,6,0.375,32,130,66,78,66,BITMAP,49.23076923076923
clustered,6,0.375,33,130,66,78,66,BITMAP,49.23076923076923
clustered,6,0.375,34,130,66,78,66,BITMAP,49.23076923076923
clustered,6,0.375,35,130,66,78,66,BITMAP,49.23076923076923
clustered,6,0.375,36,130,66,78,66,BITMAP,49.23076923076923
clustered,6,0.375,37,130,66,78,66,BITMAP,49.23076923076923
clustered,6,0.375,38,130,66,78,66,BITMAP,49.23076923076923
clustered,6,0.375,39,130,66,78,66,BITMAP,49.23076923076923
clustered,6,0.375,40,130,66,78,66,BITMAP,49.23076923076923
clustered,6,0.375,41,130,66,78,66,BITMAP,49.23076923076923
clustered,6,0.375,42,130,66,78,66,BITMAP,49.23076923076923
clustered,6,0.375,43,130,66,78,66,BITMAP,49.23076923076923
clustered,6,0.375,44,130,66,78,66,BITMAP,49.23076923076923
clustered,6,0.375,45,130,66,78,66,BITMAP,49.23076923076923
clustered,6,0.375,46,130,66,78,66,BITMAP,49.23076923076923
clustered,6,0.375,47,130,66,78,66,BITMAP,49.23076923076923
clustered,6,0.375,48,130,66,78,66,BITMAP,49.23076923076923
clustered,6,0.375,49,130,66,78,66,BITMAP,49.23076923076923
clustered,6,0.375,50,130,66,78,66,BITMAP,49.23076923076923
clustered,6,0.375,51,130,66,78,66,BITMAP,49.23076923076923
clustered,6,0.375,52,130,66,78,66,BITMAP,49.23076923076923
clustered,6,0.375,53,130,66,78,66,BITMAP,49.23076923076923
clustered,6,0.375,54,130,66,78,66,BITMAP,49.23076923076923
clustered,6,0.375,55,130,66,78,66,BITMAP,49.23076923076923
clustered,6,0.375,56,130,66,78,66,BITMAP,49.23076923076923
clustered,6,0.375,57,130,66,78,66,BITMAP,49.23076923076923
clustered,6,0.375,58,130,66,78,66,BITMAP,49.23076923076923
clustered,6,0.375,59,130,66,78,66,BITMAP,49.23076923076923
clustered,6,0.375,60,130,66,78,66,BITMAP,49.23076923076923
clustered,6,0.375,61,130,66,78,66,BITMAP,49.23076923076923
clustered,6,0.375,62,130,66,78,66,BITMAP,49.23076923076923
clustered,6,0.375,63,130,66,78,66,BITMAP,49.23076923076923
clustered,6,0.375,64,130,66,78,66,BITMAP,49.23076923076923
clustered,6,0.375,65,130,66,78,66,BITMAP,49.23076923076923
clustered,6,0.375,66,130,66,78,66,BITMAP,49.23076923076923
clustered,6,0.375,67,130,66,78,66,BITMAP,49.23076923076923
clustered,6,0.375,68,130,66,78,66,BITMAP,49.23076923076923
clustered,6,0.375,69,130,66,78,66,BITMAP,49.23076923076923
clustered,6,0.375,70,130,66,78,66,BITMAP,49.23076923076923
clustered,6,0.375,71,130,66,78,66,BITMAP,49.23076923076923
clustered,6,0.375,72,130,66,78,66,BITMAP,49.23076923076923
clustered,6,0.375,73,130,66,78,66,BITMAP,49.23076923076923
clustered,6,0.375,74,130,66,78,66,BITMAP,49.23076923076923
clustered,6,0.375,75,130,66,78,66,BITMAP,49.23076923076923
clustered,6,0.375,76,130,66,78,66,BITMAP,49.23076923076923
clustered,6,0.375,77,130,66,78,66,BITMAP,49.23076923076923
clustered,6,0.375,78,130,66,78,66,BITMAP,49.23076923076923
clustered,6,0.375,79,130,66,78,66,BITMAP,49.23076923076923
clustered,6,0.375,80,130,66,78,66,BITMAP,49.23076923076923
clustered,6,0.375,81,130,66,78,66,BITMAP,49.23076923076923
clustered,6,0.375,82,130,66,78,66,BITMAP,49.23076923076923
clustered,6,0.375,83,130,66,78,66,BITMAP,49.23076923076923
clustered,6,0.375,84,130,66,78,66,BITMAP,49.23076923076923
clustered,6,0.375,85,130,66,78,66,BITMAP,49.23076923076923
clustered,6,0.375,86,130,66,78,66,BITMAP,49.23076923076923
clustered,6,0.375,87,130,66,78,66,BITMAP,49.23076923076923
clustered,6,0.375,88,130,66,78,66,BITMAP,49.23076923076923
clustered,6,0.375,89,130,66,78,66,BITMAP,49.23076923076923
clustered,6,0.375,90,130,66,78,66,BITMAP,49.23076923076923
clustered,6,0.375,91,130,66,78,66,BITMAP,49.23076923076923
clustered,6,0.375,92,130,66,78,66,BITMAP,49.23076923076923
clustered,6,0.375,93,130,66,78,66,BITMAP,49.23076923076923
clustered,6,0.375,94,130,66,78,66,BITMAP,49.23076923076923
clustered,6,0.375,95,130,66,78,66,BITMAP,49.23076923076923
clustered,6,0.375,96,130,66,78,66,BITMAP,49.23076923076923
clustered,6,0.375,97,130,66,78,66,BITMAP,49.23076923076923
clustered,6,0.375,98,130,66,78,66,BITMAP,49.23076923076923
clustered,6,0.375,99,130,66,78,66,BITMAP,49.23076923076923
clustered,7,0.4375,0,130,74,90,74,BITMAP,43.07692307692308
clustered,7,0.4375,1,130,74,90,74,BITMAP,43.07692307692308
clustered,7,0.4375,2,130,74,90,74,BITMAP,43.07692307692308
clustered,7,0.4375,3,130,74,90,74,BITMAP,43.07692307692308
clustered,7,0.4375,4,130,74,90,74,BITMAP,43.07692307692308
clustered,7,0.4375,5,130,74,90,74,BITMAP,43.07692307692308
clustered,7,0.4375,6,130,74,90,74,BITMAP,43.07692307692308
clustered,7,0.4375,7,130,74,90,74,BITMAP,43.07692307692308
clustered,7,0.4375,8,130,74,90,74,BITMAP,43.07692307692308
clustered,7,0.4375,9,130,74,90,74,BITMAP,43.07692307692308
clustered,7,0.4375,10,130,74,90,74,BITMAP,43.07692307692308
clustered,7,0.4375,11,130,74,90,74,BITMAP,43.07692307692308
clustered,7,0.4375,12,130,74,90,74,BITMAP,43.07692307692308
clustered,7,0.4375,13,130,74,90,74,BITMAP,43.07692307692308
clustered,7,0.4375,14,130,74,90,74,BITMAP,43.07692307692308
clustered,7,0.4375,15,130,74,90,74,BITMAP,43.07692307692308
clustered,7,0.4375,16,130,74,90,74,BITMAP,43.07692307692308
clustered,7,0.4375,17,130,74,90,74,BITMAP,43.07692307692308
clustered,7,0.4375,18,130,74,90,74,BITMAP,43.07692307692308
clustered,7,0.4375,19,130,74,90,74,BITMAP,43.07692307692308
clustered,7,0.4375,20,130,74,90,74,BITMAP,43.07692307692308
clustered,7,0.4375,21,130,74,90,74,BITMAP,43.07692307692308
clustered,7,0.4375,22,130,74,90,74,BITMAP,43.07692307692308
clustered,7,0.4375,23,130,74,90,74,BITMAP,43.07692307692308
clustered,7,0.4375,24,130,74,90,74,BITMAP,43.07692307692308
clustered,7,0.4375,25,130,74,90,74,BITMAP,43.07692307692308
clustered,7,0.4375,26,130,74,90,74,BITMAP,43.07692307692308
clustered,7,0.4375,27,130,74,90,74,BITMAP,43.07692307692308
clustered,7,0.4375,28,130,74,90,74,BITMAP,43.07692307692308
clustered,7,0.4375,29,130,74,90,74,BITMAP,43.07692307692308
clustered,7,0.4375,30,130,74,90,74,BITMAP,43.07692307692308
clustered,7,0.4375,31,130,74,90,74,BITMAP,43.07692307692308
clustered,7,0.4375,32,130,74,90,74,BITMAP,43.07692307692308
clustered,7,0.4375,33,130,74,90,74,BITMAP,43.07692307692308
clustered,7,0.4375,34,130,74,90,74,BITMAP,43.07692307692308
clustered,7,0.4375,35,130,74,90,74,BITMAP,43.07692307692308
clustered,7,0.4375,36,130,74,90,74,BITMAP,43.07692307692308
clustered,7,0.4375,37,130,74,90,74,BITMAP,43.07692307692308
clustered,7,0.4375,38,130,74,90,74,BITMAP,43.07692307692308
clustered,7,0.4375,39,130,74,90,74,BITMAP,43.07692307692308
clustered,7,0.4375,40,130,74,90,74,BITMAP,43.07692307692308
clustered,7,0.4375,41,130,74,90,74,BITMAP,43.07692307692308
clustered,7,0.4375,42,130,74,90,74,BITMAP,43.07692307692308
clustered,7,0.4375,43,130,74,90,74,BITMAP,43.07692307692308
clustered,7,0.4375,44,130,74,90,74,BITMAP,43.07692307692308
clustered,7,0.4375,45,130,74,90,74,BITMAP,43.07692307692308
clustered,7,0.4375,46,130,74,90,74,BITMAP,43.07692307692308
clustered,7,0.4375,47,130,74,90,74,BITMAP,43.07692307692308
clustered,7,0.4375,48,130,74,90,74,BITMAP,43.07692307692308
clustered,7,0.4375,49,130,74,90,74,BITMAP,43.07692307692308
clustered,7,0.4375,50,130,74,90,74,BITMAP,43.07692307692308
clustered,7,0.4375,51,130,74,90,74,BITMAP,43.07692307692308
clustered,7,0.4375,52,130,74,90,74,BITMAP,43.07692307692308
clustered,7,0.4375,53,130,74,90,74,BITMAP,43.07692307692308
clustered,7,0.4375,54,130,74,90,74,BITMAP,43.07692307692308
clustered,7,0.4375,55,130,74,90,74,BITMAP,43.07692307692308
clustered,7,0.4375,56,130,74,90,74,BITMAP,43.07692307692308
clustered,7,0.4375,57,130,74,90,74,BITMAP,43.07692307692308
clustered,7,0.4375,58,130,74,90,74,BITMAP,43.07692307692308
clustered,7,0.4375,59,130,74,90,74,BITMAP,43.07692307692308
clustered,7,0.4375,60,130,74,90,74,BITMAP,43.07692307692308
clustered,7,0.4375,61,130,74,90,74,BITMAP,43.07692307692308
clustered,7,0.4375,62,130,74,90,74,BITMAP,43.07692307692308
clustered,7,0.4375,63,130,74,90,74,BITMAP,43.07692307692308
clustered,7,0.4375,64,130,74,90,74,BITMAP,43.07692307692308
clustered,7,0.4375,65,130,74,90,74,BITMAP,43.07692307692308
clustered,7,0.4375,66,130,74,90,74,BITMAP,43.07692307692308
clustered,7,0.4375,67,130,74,90,74,BITMAP,43.07692307692308
clustered,7,0.4375,68,130,74,90,74,BITMAP,43.07692307692308
clustered,7,0.4375,69,130,74,90,74,BITMAP,43.07692307692308
clustered,7,0.4375,70,130,74,90,74,BITMAP,43.07692307692308
clustered,7,0.4375,71,130,74,90,74,BITMAP,43.07692307692308
clustered,7,0.4375,72,130,74,90,74,BITMAP,43.07692307692308
clustered,7,0.4375,73,130,74,90,74,BITMAP,43.07692307692308
clustered,7,0.4375,74,130,74,90,74,BITMAP,43.07692307692308
clustered,7,0.4375,75,130,74,90,74,BITMAP,43.07692307692308
clustered,7,0.4375,76,130,74,90,74,BITMAP,43.07692307692308
clustered,7,0.4375,77,130,74,90,74,BITMAP,43.07692307692308
clustered,7,0.4375,78,130,74,90,74,BITMAP,43.07692307692308
clustered,7,0.4375,79,130,74,90,74,BITMAP,43.07692307692308
clustered,7,0.4375,80,130,74,90,74,BITMAP,43.07692307692308
clustered,7,0.4375,81,130,74,90,74,BITMAP,43.07692307692308
clustered,7,0.4375,82,130,74,90,74,BITMAP,43.07692307692308
clustered,7,0.4375,83,130,74,90,74,BITMAP,43.07692307692308
clustered,7,0.4375,84,130,74,90,74,BITMAP,43.07692307692308
clustered,7,0.4375,85,130,74,90,74,BITMAP,43.07692307692308
clustered,7,0.4375,86,130,74,90,74,BITMAP,43.07692307692308
clustered,7,0.4375,87,130,74,90,74,BITMAP,43.07692307692308
clustered,7,0.4375,88,130,74,90,74,BITMAP,43.07692307692308
clustered,7,0.4375,89,130,74,90,74,BITMAP,43.07692307692308
clustered,7,0.4375,90,130,74,90,74,BITMAP,43.07692307692308
clustered,7,0.4375,91,130,74,90,74,BITMAP,43.07692307692308
clustered,7,0.4375,92,130,74,90,74,BITMAP,43.07692307692308
clustered,7,0.4375,93,130,74,90,74,BITMAP,43.07692307692308
clustered,7,0.4375,94,130,74,90,74,BITMAP,43.07692307692308
clustered,7,0.4375,95,130,74,90,74,BITMAP,43.07692307692308
clustered,7,0.4375,96,130,74,90,74,BITMAP,43.07692307692308
clustered,7,0.4375,97,130,74,90,74,BITMAP,43.07692307692308
clustered,7,0.4375,98,130,74,90,74,BITMAP,43.07692307692308
clustered,7,0.4375,99,130,74,90,74,BITMAP,43.07692307692308
clustered,8,0.5,0,130,82,102,82,BITMAP,36.92307692307692
clustered,8,0.5,1,130,82,102,82,BITMAP,36.92307692307692
clustered,8,0.5,2,130,82,102,82,BITMAP,36.92307692307692
clustered,8,0.5,3,130,82,102,82,BITMAP,36.92307692307692
clustered,8,0.5,4,130,82,102,82,BITMAP,36.92307692307692
clustered,8,0.5,5,130,82,102,82,BITMAP,36.92307692307692
clustered,8,0.5,6,130,82,102,82,BITMAP,36.92307692307692
clustered,8,0.5,7,130,82,102,82,BITMAP,36.92307692307692
clustered,8,0.5,8,130,82,102,82,BITMAP,36.92307692307692
clustered,8,0.5,9,130,82,102,82,BITMAP,36.92307692307692
clustered,8,0.5,10,130,82,102,82,BITMAP,36.92307692307692
clustered,8,0.5,11,130,82,102,82,BITMAP,36.92307692307692
clustered,8,0.5,12,130,82,102,82,BITMAP,36.92307692307692
clustered,8,0.5,13,130,82,102,82,BITMAP,36.92307692307692
clustered,8,0.5,14,130,82,102,82,BITMAP,36.92307692307692
clustered,8,0.5,15,130,82,102,82,BITMAP,36.92307692307692
clustered,8,0.5,16,130,82,102,82,BITMAP,36.92307692307692
clustered,8,0.5,17,130,82,102,82,BITMAP,36.92307692307692
clustered,8,0.5,18,130,82,102,82,BITMAP,36.92307692307692
clustered,8,0.5,19,130,82,102,82,BITMAP,36.92307692307692
clustered,8,0.5,20,130,82,102,82,BITMAP,36.92307692307692
clustered,8,0.5,21,130,82,102,82,BITMAP,36.92307692307692
clustered,8,0.5,22,130,82,102,82,BITMAP,36.92307692307692
clustered,8,0.5,23,130,82,102,82,BITMAP,36.92307692307692
clustered,8,0.5,24,130,82,102,82,BITMAP,36.92307692307692
clustered,8,0.5,25,130,82,102,82,BITMAP,36.92307692307692
clustered,8,0.5,26,130,82,102,82,BITMAP,36.92307692307692
clustered,8,0.5,27,130,82,102,82,BITMAP,36.92307692307692
clustered,8,0.5,28,130,82,102,82,BITMAP,36.92307692307692
clustered,8,0.5,29,130,82,102,82,BITMAP,36.92307692307692
clustered,8,0.5,30,130,82,102,82,BITMAP,36.92307692307692
clustered,8,0.5,31,130,82,102,82,BITMAP,36.92307692307692
clustered,8,0.5,32,130,82,102,82,BITMAP,36.92307692307692
clustered,8,0.5,33,130,82,102,82,BITMAP,36.92307692307692
clustered,8,0.5,34,130,82,102,82,BITMAP,36.92307692307692
clustered,8,0.5,35,130,82,102,82,BITMAP,36.92307692307692
clustered,8,0.5,36,130,82,102,82,BITMAP,36.92307692307692
clustered,8,0.5,37,130,82,102,82,BITMAP,36.92307692307692
clustered,8,0.5,38,130,82,102,82,BITMAP,36.92307692307692
clustered,8,0.5,39,130,82,102,82,BITMAP,36.92307692307692
clustered,8,0.5,40,130,82,102,82,BITMAP,36.92307692307692
clustered,8,0.5,41,130,82,102,82,BITMAP,36.92307692307692
clustered,8,0.5,42,130,82,102,82,BITMAP,36.92307692307692
clustered,8,0.5,43,130,82,102,82,BITMAP,36.92307692307692
clustered,8,0.5,44,130,82,102,82,BITMAP,36.92307692307692
clustered,8,0.5,45,130,82,102,82,BITMAP,36.92307692307692
clustered,8,0.5,46,130,82,102,82,BITMAP,36.92307692307692
clustered,8,0.5,47,130,82,102,82,BITMAP,36.92307692307692
clustered,8,0.5,48,130,82,102,82,BITMAP,36.92307692307692
clustered,8,0.5,49,130,82,102,82,BITMAP,36.92307692307692
clustered,8,0.5,50,130,82,102,82,BITMAP,36.92307692307692
clustered,8,0.5,51,130,82,102,82,BITMAP,36.92307692307692
clustered,8,0.5,52,130,82,102,82,BITMAP,36.92307692307692
clustered,8,0.5,53,130,82,102,82,BITMAP,36.92307692307692
clustered,8,0.5,54,130,82,102,82,BITMAP,36.92307692307692
clustered,8,0.5,55,130,82,102,82,BITMAP,36.92307692307692
clustered,8,0.5,56,130,82,102,82,BITMAP,36.92307692307692
clustered,8,0.5,57,130,82,102,82,BITMAP,36.92307692307692
clustered,8,0.5,58,130,82,102,82,BITMAP,36.92307692307692
clustered,8,0.5,59,130,82,102,82,BITMAP,36.92307692307692
clustered,8,0.5,60,130,82,102,82,BITMAP,36.92307692307692
clustered,8,0.5,61,130,82,102,82,BITMAP,36.92307692307692
clustered,8,0.5,62,130,82,102,82,BITMAP,36.92307692307692
clustered,8,0.5,63,130,82,102,82,BITMAP,36.92307692307692
clustered,8,0.5,64,130,82,102,82,BITMAP,36.92307692307692
clustered,8,0.5,65,130,82,102,82,BITMAP,36.92307692307692
clustered,8,0.5,66,130,82,102,82,BITMAP,36.92307692307692
clustered,8,0.5,67,130,82,102,82,BITMAP,36.92307692307692
clustered,8,0.5,68,130,82,102,82,BITMAP,36.92307692307692
clustered,8,0.5,69,130,82,102,82,BITMAP,36.92307692307692
clustered,8,0.5,70,130,82,102,82,BITMAP,36.92307692307692
clustered,8,0.5,71,130,82,102,82,BITMAP,36.92307692307692
clustered,8,0.5,72,130,82,102,82,BITMAP,36.92307692307692
clustered,8,0.5,73,130,82,102,82,BITMAP,36.92307692307692
clustered,8,0.5,74,130,82,102,82,BITMAP,36.92307692307692
clustered,8,0.5,75,130,82,102,82,BITMAP,36.92307692307692
clustered,8,0.5,76,130,82,102,82,BITMAP,36.92307692307692
clustered,8,0.5,77,130,82,102,82,BITMAP,36.92307692307692
clustered,8,0.5,78,130,82,102,82,BITMAP,36.92307692307692
clustered,8,0.5,79,130,82,102,82,BITMAP,36.92307692307692
clustered,8,0.5,80,130,82,102,82,BITMAP,36.92307692307692
clustered,8,0.5,81,130,82,102,82,BITMAP,36.92307692307692
clustered,8,0.5,82,130,82,102,82,BITMAP,36.92307692307692
clustered,8,0.5,83,130,82,102,82,BITMAP,36.92307692307692
clustered,8,0.5,84,130,82,102,82,BITMAP,36.92307692307692
clustered,8,0.5,85,130,82,102,82,BITMAP,36.92307692307692
clustered,8,0.5,86,130,82,102,82,BITMAP,36.92307692307692
clustered,8,0.5,87,130,82,102,82,BITMAP,36.92307692307692
clustered,8,0.5,88,130,82,102,82,BITMAP,36.92307692307692
clustered,8,0.5,89,130,82,102,82,BITMAP,36.92307692307692
clustered,8,0.5,90,130,82,102,82,BITMAP,36.92307692307692
clustered,8,0.5,91,130,82,102,82,BITMAP,36.92307692307692
clustered,8,0.5,92,130,82,102,82,BITMAP,36.92307692307692
clustered,8,0.5,93,130,82,102,82,BITMAP,36.92307692307692
clustered,8,0.5,94,130,82,102,82,BITMAP,36.92307692307692
clustered,8,0.5,95,130,82,102,82,BITMAP,36.92307692307692
clustered,8,0.5,96,130,82,102,82,BITMAP,36.92307692307692
clustered,8,0.5,97,130,82,102,82,BITMAP,36.92307692307692
clustered,8,0.5,98,130,82,102,82,BITMAP,36.92307692307692
clustered,8,0.5,99,130,82,102,82,BITMAP,36.92307692307692
clustered,9,0.5625,0,130,90,114,90,BITMAP,30.76923076923077
clustered,9,0.5625,1,130,90,114,90,BITMAP,30.76923076923077
clustered,9,0.5625,2,130,90,114,90,BITMAP,30.76923076923077
clustered,9,0.5625,3,130,90,114,90,BITMAP,30.76923076923077
clustered,9,0.5625,4,130,90,114,90,BITMAP,30.76923076923077
clustered,9,0.5625,5,130,90,114,90,BITMAP,30.76923076923077
clustered,9,0.5625,6,130,90,114,90,BITMAP,30.76923076923077
clustered,9,0.5625,7,130,90,114,90,BITMAP,30.76923076923077
clustered,9,0.5625,8,130,90,114,90,BITMAP,30.76923076923077
clustered,9,0.5625,9,130,90,114,90,BITMAP,30.76923076923077
clustered,9,0.5625,10,130,90,114,90,BITMAP,30.76923076923077
clustered,9,0.5625,11,130,90,114,90,BITMAP,30.76923076923077
clustered,9,0.5625,12,130,90,114,90,BITMAP,30.76923076923077
clustered,9,0.5625,13,130,90,114,90,BITMAP,30.76923076923077
clustered,9,0.5625,14,130,90,114,90,BITMAP,30.76923076923077
clustered,9,0.5625,15,130,90,114,90,BITMAP,30.76923076923077
clustered,9,0.5625,16,130,90,114,90,BITMAP,30.76923076923077
clustered,9,0.5625,17,130,90,114,90,BITMAP,30.76923076923077
clustered,9,0.5625,18,130,90,114,90,BITMAP,30.76923076923077
clustered,9,0.5625,19,130,90,114,90,BITMAP,30.76923076923077
clustered,9,0.5625,20,130,90,114,90,BITMAP,30.76923076923077
clustered,9,0.5625,21,130,90,114,90,BITMAP,30.76923076923077
clustered,9,0.5625,22,130,90,114,90,BITMAP,30.76923076923077
clustered,9,0.5625,23,130,90,114,90,BITMAP,30.76923076923077
clustered,9,0.5625,24,130,90,114,90,BITMAP,30.76923076923077
clustered,9,0.5625,25,130,90,114,90,BITMAP,30.76923076923077
clustered,9,0.5625,26,130,90,114,90,BITMAP,30.76923076923077
clustered,9,0.5625,27,130,90,114,90,BITMAP,30.76923076923077
clustered,9,0.5625,28,130,90,114,90,BITMAP,30.76923076923077
clustered,9,0.5625,29,130,90,114,90,BITMAP,30.76923076923077
clustered,9,0.5625,30,130,90,114,90,BITMAP,30.76923076923077
clustered,9,0.5625,31,130,90,114,90,BITMAP,30.76923076923077
clustered,9,0.5625,32,130,90,114,90,BITMAP,30.76923076923077
clustered,9,0.5625,33,130,90,114,90,BITMAP,30.76923076923077
clustered,9,0.5625,34,130,90,114,90,BITMAP,30.76923076923077
clustered,9,0.5625,35,130,90,114,90,BITMAP,30.76923076923077
clustered,9,0.5625,36,130,90,114,90,BITMAP,30.76923076923077
clustered,9,0.5625,37,130,90,114,90,BITMAP,30.76923076923077
clustered,9,0.5625,38,130,90,114,90,BITMAP,30.76923076923077
clustered,9,0.5625,39,130,90,114,90,BITMAP,30.76923076923077
clustered,9,0.5625,40,130,90,114,90,BITMAP,30.76923076923077
clustered,9,0.5625,41,130,90,114,90,BITMAP,30.76923076923077
clustered,9,0.5625,42,130,90,114,90,BITMAP,30.76923076923077
clustered,9,0.5625,43,130,90,114,90,BITMAP,30.76923076923077
clustered,9,0.5625,44,130,90,114,90,BITMAP,30.76923076923077
clustered,9,0.5625,45,130,90,114,90,BITMAP,30.76923076923077
clustered,9,0.5625,46,130,90,114,90,BITMAP,30.76923076923077
clustered,9,0.5625,47,130,90,114,90,BITMAP,30.76923076923077
clustered,9,0.5625,48,130,90,114,90,BITMAP,30.76923076923077
clustered,9,0.5625,49,130,90,114,90,BITMAP,30.76923076923077
clustered,9,0.5625,50,130,90,114,90,BITMAP,30.76923076923077
clustered,9,0.5625,51,130,90,114,90,BITMAP,30.76923076923077
clustered,9,0.5625,52,130,90,114,90,BITMAP,30.76923076923077
clustered,9,0.5625,53,130,90,114,90,BITMAP,30.76923076923077
clustered,9,0.5625,54,130,90,114,90,BITMAP,30.76923076923077
clustered,9,0.5625,55,130,90,114,90,BITMAP,30.76923076923077
clustered,9,0.5625,56,130,90,114,90,BITMAP,30.76923076923077
clustered,9,0.5625,57,130,90,114,90,BITMAP,30.76923076923077
clustered,9,0.5625,58,130,90,114,90,BITMAP,30.76923076923077
clustered,9,0.5625,59,130,90,114,90,BITMAP,30.76923076923077
clustered,9,0.5625,60,130,90,114,90,BITMAP,30.76923076923077
clustered,9,0.5625,61,130,90,114,90,BITMAP,30.76923076923077
clustered,9,0.5625,62,130,90,114,90,BITMAP,30.76923076923077
clustered,9,0.5625,63,130,90,114,90,BITMAP,30.76923076923077
clustered,9,0.5625,64,130,90,114,90,BITMAP,30.76923076923077
clustered,9,0.5625,65,130,90,114,90,BITMAP,30.76923076923077
clustered,9,0.5625,66,130,90,114,90,BITMAP,30.76923076923077
clustered,9,0.5625,67,130,90,114,90,BITMAP,30.76923076923077
clustered,9,0.5625,68,130,90,114,90,BITMAP,30.76923076923077
clustered,9,0.5625,69,130,90,114,90,BITMAP,30.76923076923077
clustered,9,0.5625,70,130,90,114,90,BITMAP,30.76923076923077
clustered,9,0.5625,71,130,90,114,90,BITMAP,30.76923076923077
clustered,9,0.5625,72,130,90,114,90,BITMAP,30.76923076923077
clustered,9,0.5625,73,130,90,114,90,BITMAP,30.76923076923077
clustered,9,0.5625,74,130,90,114,90,BITMAP,30.76923076923077
clustered,9,0.5625,75,130,90,114,90,BITMAP,30.76923076923077
clustered,9,0.5625,76,130,90,114,90,BITMAP,30.76923076923077
clustered,9,0.5625,77,130,90,114,90,BITMAP,30.76923076923077
clustered,9,0.5625,78,130,90,114,90,BITMAP,30.76923076923077
clustered,9,0.5625,79,130,90,114,90,BITMAP,30.76923076923077
clustered,9,0.5625,80,130,90,114,90,BITMAP,30.76923076923077
clustered,9,0.5625,81,130,90,114,90,BITMAP,30.76923076923077
clustered,9,0.5625,82,130,90,114,90,BITMAP,30.76923076923077
clustered,9,0.5625,83,130,90,114,90,BITMAP,30.76923076923077
clustered,9,0.5625,84,130,90,114,90,BITMAP,30.76923076923077
clustered,9,0.5625,85,130,90,114,90,BITMAP,30.76923076923077
clustered,9,0.5625,86,130,90,114,90,BITMAP,30.76923076923077
clustered,9,0.5625,87,130,90,114,90,BITMAP,30.76923076923077
clustered,9,0.5625,88,130,90,114,90,BITMAP,30.76923076923077
clustered,9,0.5625,89,130,90,114,90,BITMAP,30.76923076923077
clustered,9,0.5625,90,130,90,114,90,BITMAP,30.76923076923077
clustered,9,0.5625,91,130,90,114,90,BITMAP,30.76923076923077
clustered,9,0.5625,92,130,90,114,90,BITMAP,30.76923076923077
clustered,9,0.5625,93,130,90,114,90,BITMAP,30.76923076923077
clustered,9,0.5625,94,130,90,114,90,BITMAP,30.76923076923077
clustered,9,0.5625,95,130,90,114,90,BITMAP,30.76923076923077
clustered,9,0.5625,96,130,90,114,90,BITMAP,30.76923076923077
clustered,9,0.5625,97,130,90,114,90,BITMAP,30.76923076923077
clustered,9,0.5625,98,130,90,114,90,BITMAP,30.76923076923077
clustered,9,0.5625,99,130,90,114,90,BITMAP,30.76923076923077
clustered,10,0.625,0,130,98,126,98,BITMAP,24.615384615384617
clustered,10,0.625,1,130,98,126,98,BITMAP,24.615384615384617
clustered,10,0.625,2,130,98,126,98,BITMAP,24.615384615384617
clustered,10,0.625,3,130,98,126,98,BITMAP,24.615384615384617
clustered,10,0.625,4,130,98,126,98,BITMAP,24.615384615384617
clustered,10,0.625,5,130,98,126,98,BITMAP,24.615384615384617
clustered,10,0.625,6,130,98,126,98,BITMAP,24.615384615384617
clustered,10,0.625,7,130,98,126,98,BITMAP,24.615384615384617
clustered,10,0.625,8,130,98,126,98,BITMAP,24.615384615384617
clustered,10,0.625,9,130,98,126,98,BITMAP,24.615384615384617
clustered,10,0.625,10,130,98,126,98,BITMAP,24.615384615384617
clustered,10,0.625,11,130,98,126,98,BITMAP,24.615384615384617
clustered,10,0.625,12,130,98,126,98,BITMAP,24.615384615384617
clustered,10,0.625,13,130,98,126,98,BITMAP,24.615384615384617
clustered,10,0.625,14,130,98,126,98,BITMAP,24.615384615384617
clustered,10,0.625,15,130,98,126,98,BITMAP,24.615384615384617
clustered,10,0.625,16,130,98,126,98,BITMAP,24.615384615384617
clustered,10,0.625,17,130,98,126,98,BITMAP,24.615384615384617
clustered,10,0.625,18,130,98,126,98,BITMAP,24.615384615384617
clustered,10,0.625,19,130,98,126,98,BITMAP,24.615384615384617
clustered,10,0.625,20,130,98,126,98,BITMAP,24.615384615384617
clustered,10,0.625,21,130,98,126,98,BITMAP,24.615384615384617
clustered,10,0.625,22,130,98,126,98,BITMAP,24.615384615384617
clustered,10,0.625,23,130,98,126,98,BITMAP,24.615384615384617
clustered,10,0.625,24,130,98,126,98,BITMAP,24.615384615384617
clustered,10,0.625,25,130,98,126,98,BITMAP,24.615384615384617
clustered,10,0.625,26,130,98,126,98,BITMAP,24.615384615384617
clustered,10,0.625,27,130,98,126,98,BITMAP,24.615384615384617
clustered,10,0.625,28,130,98,126,98,BITMAP,24.615384615384617
clustered,10,0.625,29,130,98,126,98,BITMAP,24.615384615384617
clustered,10,0.625,30,130,98,126,98,BITMAP,24.615384615384617
clustered,10,0.625,31,130,98,126,98,BITMAP,24.615384615384617
clustered,10,0.625,32,130,98,126,98,BITMAP,24.615384615384617
clustered,10,0.625,33,130,98,126,98,BITMAP,24.615384615384617
clustered,10,0.625,34,130,98,126,98,BITMAP,24.615384615384617
clustered,10,0.625,35,130,98,126,98,BITMAP,24.615384615384617
clustered,10,0.625,36,130,98,126,98,BITMAP,24.615384615384617
clustered,10,0.625,37,130,98,126,98,BITMAP,24.615384615384617
clustered,10,0.625,38,130,98,126,98,BITMAP,24.615384615384617
clustered,10,0.625,39,130,98,126,98,BITMAP,24.615384615384617
clustered,10,0.625,40,130,98,126,98,BITMAP,24.615384615384617
clustered,10,0.625,41,130,98,126,98,BITMAP,24.615384615384617
clustered,10,0.625,42,130,98,126,98,BITMAP,24.615384615384617
clustered,10,0.625,43,130,98,126,98,BITMAP,24.615384615384617
clustered,10,0.625,44,130,98,126,98,BITMAP,24.615384615384617
clustered,10,0.625,45,130,98,126,98,BITMAP,24.615384615384617
clustered,10,0.625,46,130,98,126,98,BITMAP,24.615384615384617
clustered,10,0.625,47,130,98,126,98,BITMAP,24.615384615384617
clustered,10,0.625,48,130,98,126,98,BITMAP,24.615384615384617
clustered,10,0.625,49,130,98,126,98,BITMAP,24.615384615384617
clustered,10,0.625,50,130,98,126,98,BITMAP,24.615384615384617
clustered,10,0.625,51,130,98,126,98,BITMAP,24.615384615384617
clustered,10,0.625,52,130,98,126,98,BITMAP,24.615384615384617
clustered,10,0.625,53,130,98,126,98,BITMAP,24.615384615384617
clustered,10,0.625,54,130,98,126,98,BITMAP,24.615384615384617
clustered,10,0.625,55,130,98,126,98,BITMAP,24.615384615384617
clustered,10,0.625,56,130,98,126,98,BITMAP,24.615384615384617
clustered,10,0.625,57,130,98,126,98,BITMAP,24.615384615384617
clustered,10,0.625,58,130,98,126,98,BITMAP,24.615384615384617
clustered,10,0.625,59,130,98,126,98,BITMAP,24.615384615384617
clustered,10,0.625,60,130,98,126,98,BITMAP,24.615384615384617
clustered,10,0.625,61,130,98,126,98,BITMAP,24.615384615384617
clustered,10,0.625,62,130,98,126,98,BITMAP,24.615384615384617
clustered,10,0.625,63,130,98,126,98,BITMAP,24.615384615384617
clustered,10,0.625,64,130,98,126,98,BITMAP,24.615384615384617
clustered,10,0.625,65,130,98,126,98,BITMAP,24.615384615384617
clustered,10,0.625,66,130,98,126,98,BITMAP,24.615384615384617
clustered,10,0.625,67,130,98,126,98,BITMAP,24.615384615384617
clustered,10,0.625,68,130,98,126,98,BITMAP,24.615384615384617
clustered,10,0.625,69,130,98,126,98,BITMAP,24.615384615384617
clustered,10,0.625,70,130,98,126,98,BITMAP,24.615384615384617
clustered,10,0.625,71,130,98,126,98,BITMAP,24.615384615384617
clustered,10,0.625,72,130,98,126,98,BITMAP,24.615384615384617
clustered,10,0.625,73,130,98,126,98,BITMAP,24.615384615384617
clustered,10,0.625,74,130,98,126,98,BITMAP,24.615384615384617
clustered,10,0.625,75,130,98,126,98,BITMAP,24.615384615384617
clustered,10,0.625,76,130,98,126,98,BITMAP,24.615384615384617
clustered,10,0.625,77,130,98,126,98,BITMAP,24.615384615384617
clustered,10,0.625,78,130,98,126,98,BITMAP,24.615384615384617
clustered,10,0.625,79,130,98,126,98,BITMAP,24.615384615384617
clustered,10,0.625,80,130,98,126,98,BITMAP,24.615384615384617
clustered,10,0.625,81,130,98,126,98,BITMAP,24.615384615384617
clustered,10,0.625,82,130,98,126,98,BITMAP,24.615384615384617
clustered,10,0.625,83,130,98,126,98,BITMAP,24.615384615384617
clustered,10,0.625,84,130,98,126,98,BITMAP,24.615384615384617
clustered,10,0.625,85,130,98,126,98,BITMAP,24.615384615384617
clustered,10,0.625,86,130,98,126,98,BITMAP,24.615384615384617
clustered,10,0.625,87,130,98,126,98,BITMAP,24.615384615384617
clustered,10,0.625,88,130,98,126,98,BITMAP,24.615384615384617
clustered,10,0.625,89,130,98,126,98,BITMAP,24.615384615384617
clustered,10,0.625,90,130,98,126,98,BITMAP,24.615384615384617
clustered,10,0.625,91,130,98,126,98,BITMAP,24.615384615384617
clustered,10,0.625,92,130,98,126,98,BITMAP,24.615384615384617
clustered,10,0.625,93,130,98,126,98,BITMAP,24.615384615384617
clustered,10,0.625,94,130,98,126,98,BITMAP,24.615384615384617
clustered,10,0.625,95,130,98,126,98,BITMAP,24.615384615384617
clustered,10,0.625,96,130,98,126,98,BITMAP,24.615384615384617
clustered,10,0.625,97,130,98,126,98,BITMAP,24.615384615384617
clustered,10,0.625,98,130,98,126,98,BITMAP,24.615384615384617
clustered,10,0.625,99,130,98,126,98,BITMAP,24.615384615384617
clustered,11,0.6875,0,130,106,138,106,BITMAP,18.46153846153846
clustered,11,0.6875,1,130,106,138,106,BITMAP,18.46153846153846
clustered,11,0.6875,2,130,106,138,106,BITMAP,18.46153846153846
clustered,11,0.6875,3,130,106,138,106,BITMAP,18.46153846153846
clustered,11,0.6875,4,130,106,138,106,BITMAP,18.46153846153846
clustered,11,0.6875,5,130,106,138,106,BITMAP,18.46153846153846
clustered,11,0.6875,6,130,106,138,106,BITMAP,18.46153846153846
clustered,11,0.6875,7,130,106,138,106,BITMAP,18.46153846153846
clustered,11,0.6875,8,130,106,138,106,BITMAP,18.46153846153846
clustered,11,0.6875,9,130,106,138,106,BITMAP,18.46153846153846
clustered,11,0.6875,10,130,106,138,106,BITMAP,18.46153846153846
clustered,11,0.6875,11,130,106,138,106,BITMAP,18.46153846153846
clustered,11,0.6875,12,130,106,138,106,BITMAP,18.46153846153846
clustered,11,0.6875,13,130,106,138,106,BITMAP,18.46153846153846
clustered,11,0.6875,14,130,106,138,106,BITMAP,18.46153846153846
clustered,11,0.6875,15,130,106,138,106,BITMAP,18.46153846153846
clustered,11,0.6875,16,130,106,138,106,BITMAP,18.46153846153846
clustered,11,0.6875,17,130,106,138,106,BITMAP,18.46153846153846
clustered,11,0.6875,18,130,106,138,106,BITMAP,18.46153846153846
clustered,11,0.6875,19,130,106,138,106,BITMAP,18.46153846153846
clustered,11,0.6875,20,130,106,138,106,BITMAP,18.46153846153846
clustered,11,0.6875,21,130,106,138,106,BITMAP,18.46153846153846
clustered,11,0.6875,22,130,106,138,106,BITMAP,18.46153846153846
clustered,11,0.6875,23,130,106,138,106,BITMAP,18.46153846153846
clustered,11,0.6875,24,130,106,138,106,BITMAP,18.46153846153846
clustered,11,0.6875,25,130,106,138,106,BITMAP,18.46153846153846
clustered,11,0.6875,26,130,106,138,106,BITMAP,18.46153846153846
clustered,11,0.6875,27,130,106,138,106,BITMAP,18.46153846153846
clustered,11,0.6875,28,130,106,138,106,BITMAP,18.46153846153846
clustered,11,0.6875,29,130,106,138,106,BITMAP,18.46153846153846
clustered,11,0.6875,30,130,106,138,106,BITMAP,18.46153846153846
clustered,11,0.6875,31,130,106,138,106,BITMAP,18.46153846153846
clustered,11,0.6875,32,130,106,138,106,BITMAP,18.46153846153846
clustered,11,0.6875,33,130,106,138,106,BITMAP,18.46153846153846
clustered,11,0.6875,34,130,106,138,106,BITMAP,18.46153846153846
clustered,11,0.6875,35,130,106,138,106,BITMAP,18.46153846153846
clustered,11,0.6875,36,130,106,138,106,BITMAP,18.46153846153846
clustered,11,0.6875,37,130,106,138,106,BITMAP,18.46153846153846
clustered,11,0.6875,38,130,106,138,106,BITMAP,18.46153846153846
clustered,11,0.6875,39,130,106,138,106,BITMAP,18.46153846153846
clustered,11,0.6875,40,130,106,138,106,BITMAP,18.46153846153846
clustered,11,0.6875,41,130,106,138,106,BITMAP,18.46153846153846
clustered,11,0.6875,42,130,106,138,106,BITMAP,18.46153846153846
clustered,11,0.6875,43,130,106,138,106,BITMAP,18.46153846153846
clustered,11,0.6875,44,130,106,138,106,BITMAP,18.46153846153846
clustered,11,0.6875,45,130,106,138,106,BITMAP,18.46153846153846
clustered,11,0.6875,46,130,106,138,106,BITMAP,18.46153846153846
clustered,11,0.6875,47,130,106,138,106,BITMAP,18.46153846153846
clustered,11,0.6875,48,130,106,138,106,BITMAP,18.46153846153846
clustered,11,0.6875,49,130,106,138,106,BITMAP,18.46153846153846
clustered,11,0.6875,50,130,106,138,106,BITMAP,18.46153846153846
clustered,11,0.6875,51,130,106,138,106,BITMAP,18.46153846153846
clustered,11,0.6875,52,130,106,138,106,BITMAP,18.46153846153846
clustered,11,0.6875,53,130,106,138,106,BITMAP,18.46153846153846
clustered,11,0.6875,54,130,106,138,106,BITMAP,18.46153846153846
clustered,11,0.6875,55,130,106,138,106,BITMAP,18.46153846153846
clustered,11,0.6875,56,130,106,138,106,BITMAP,18.46153846153846
clustered,11,0.6875,57,130,106,138,106,BITMAP,18.46153846153846
clustered,11,0.6875,58,130,106,138,106,BITMAP,18.46153846153846
clustered,11,0.6875,59,130,106,138,106,BITMAP,18.46153846153846
clustered,11,0.6875,60,130,106,138,106,BITMAP,18.46153846153846
clustered,11,0.6875,61,130,106,138,106,BITMAP,18.46153846153846
clustered,11,0.6875,62,130,106,138,106,BITMAP,18.46153846153846
clustered,11,0.6875,63,130,106,138,106,BITMAP,18.46153846153846
clustered,11,0.6875,64,130,106,138,106,BITMAP,18.46153846153846
clustered,11,0.6875,65,130,106,138,106,BITMAP,18.46153846153846
clustered,11,0.6875,66,130,106,138,106,BITMAP,18.46153846153846
clustered,11,0.6875,67,130,106,138,106,BITMAP,18.46153846153846
clustered,11,0.6875,68,130,106,138,106,BITMAP,18.46153846153846
clustered,11,0.6875,69,130,106,138,106,BITMAP,18.46153846153846
clustered,11,0.6875,70,130,106,138,106,BITMAP,18.46153846153846
clustered,11,0.6875,71,130,106,138,106,BITMAP,18.46153846153846
clustered,11,0.6875,72,130,106,138,106,BITMAP,18.46153846153846
clustered,11,0.6875,73,130,106,138,106,BITMAP,18.46153846153846
clustered,11,0.6875,74,130,106,138,106,BITMAP,18.46153846153846
clustered,11,0.6875,75,130,106,138,106,BITMAP,18.46153846153846
clustered,11,0.6875,76,130,106,138,106,BITMAP,18.46153846153846
clustered,11,0.6875,77,130,106,138,106,BITMAP,18.46153846153846
clustered,11,0.6875,78,130,106,138,106,BITMAP,18.46153846153846
clustered,11,0.6875,79,130,106,138,106,BITMAP,18.46153846153846
clustered,11,0.6875,80,130,106,138,106,BITMAP,18.46153846153846
clustered,11,0.6875,81,130,106,138,106,BITMAP,18.46153846153846
clustered,11,0.6875,82,130,106,138,106,BITMAP,18.46153846153846
clustered,11,0.6875,83,130,106,138,106,BITMAP,18.46153846153846
clustered,11,0.6875,84,130,106,138,106,BITMAP,18.46153846153846
clustered,11,0.6875,85,130,106,138,106,BITMAP,18.46153846153846
clustered,11,0.6875,86,130,106,138,106,BITMAP,18.46153846153846
clustered,11,0.6875,87,130,106,138,106,BITMAP,18.46153846153846
clustered,11,0.6875,88,130,106,138,106,BITMAP,18.46153846153846
clustered,11,0.6875,89,130,106,138,106,BITMAP,18.46153846153846
clustered,11,0.6875,90,130,106,138,106,BITMAP,18.46153846153846
clustered,11,0.6875,91,130,106,138,106,BITMAP,18.46153846153846
clustered,11,0.6875,92,130,106,138,106,BITMAP,18.46153846153846
clustered,11,0.6875,93,130,106,138,106,BITMAP,18.46153846153846
clustered,11,0.6875,94,130,106,138,106,BITMAP,18.46153846153846
clustered,11,0.6875,95,130,106,138,106,BITMAP,18.46153846153846
clustered,11,0.6875,96,130,106,138,106,BITMAP,18.46153846153846
clustered,11,0.6875,97,130,106,138,106,BITMAP,18.46153846153846
clustered,11,0.6875,98,130,106,138,106,BITMAP,18.46153846153846
clustered,11,0.6875,99,130,106,138,106,BITMAP,18.46153846153846
clustered,12,0.75,0,130,114,150,114,BITMAP,12.307692307692308
clustered,12,0.75,1,130,114,150,114,BITMAP,12.307692307692308
clustered,12,0.75,2,130,114,150,114,BITMAP,12.307692307692308
clustered,12,0.75,3,130,114,150,114,BITMAP,12.307692307692308
clustered,12,0.75,4,130,114,150,114,BITMAP,12.307692307692308
clustered,12,0.75,5,130,114,150,114,BITMAP,12.307692307692308
clustered,12,0.75,6,130,114,150,114,BITMAP,12.307692307692308
clustered,12,0.75,7,130,114,150,114,BITMAP,12.307692307692308
clustered,12,0.75,8,130,114,150,114,BITMAP,12.307692307692308
clustered,12,0.75,9,130,114,150,114,BITMAP,12.307692307692308
clustered,12,0.75,10,130,114,150,114,BITMAP,12.307692307692308
clustered,12,0.75,11,130,114,150,114,BITMAP,12.307692307692308
clustered,12,0.75,12,130,114,150,114,BITMAP,12.307692307692308
clustered,12,0.75,13,130,114,150,114,BITMAP,12.307692307692308
clustered,12,0.75,14,130,114,150,114,BITMAP,12.307692307692308
clustered,12,0.75,15,130,114,150,114,BITMAP,12.307692307692308
clustered,12,0.75,16,130,114,150,114,BITMAP,12.307692307692308
clustered,12,0.75,17,130,114,150,114,BITMAP,12.307692307692308
clustered,12,0.75,18,130,114,150,114,BITMAP,12.307692307692308
clustered,12,0.75,19,130,114,150,114,BITMAP,12.307692307692308
clustered,12,0.75,20,130,114,150,114,BITMAP,12.307692307692308
clustered,12,0.75,21,130,114,150,114,BITMAP,12.307692307692308
clustered,12,0.75,22,130,114,150,114,BITMAP,12.307692307692308
clustered,12,0.75,23,130,114,150,114,BITMAP,12.307692307692308
clustered,12,0.75,24,130,114,150,114,BITMAP,12.307692307692308
clustered,12,0.75,25,130,114,150,114,BITMAP,12.307692307692308
clustered,12,0.75,26,130,114,150,114,BITMAP,12.307692307692308
clustered,12,0.75,27,130,114,150,114,BITMAP,12.307692307692308
clustered,12,0.75,28,130,114,150,114,BITMAP,12.307692307692308
clustered,12,0.75,29,130,114,150,114,BITMAP,12.307692307692308
clustered,12,0.75,30,130,114,150,114,BITMAP,12.307692307692308
clustered,12,0.75,31,130,114,150,114,BITMAP,12.307692307692308
clustered,12,0.75,32,130,114,150,114,BITMAP,12.307692307692308
clustered,12,0.75,33,130,114,150,114,BITMAP,12.307692307692308
clustered,12,0.75,34,130,114,150,114,BITMAP,12.307692307692308
clustered,12,0.75,35,130,114,150,114,BITMAP,12.307692307692308
clustered,12,0.75,36,130,114,150,114,BITMAP,12.307692307692308
clustered,12,0.75,37,130,114,150,114,BITMAP,12.307692307692308
clustered,12,0.75,38,130,114,150,114,BITMAP,12.307692307692308
clustered,12,0.75,39,130,114,150,114,BITMAP,12.307692307692308
clustered,12,0.75,40,130,114,150,114,BITMAP,12.307692307692308
clustered,12,0.75,41,130,114,150,114,BITMAP,12.307692307692308
clustered,12,0.75,42,130,114,150,114,BITMAP,12.307692307692308
clustered,12,0.75,43,130,114,150,114,BITMAP,12.307692307692308
clustered,12,0.75,44,130,114,150,114,BITMAP,12.307692307692308
clustered,12,0.75,45,130,114,150,114,BITMAP,12.307692307692308
clustered,12,0.75,46,130,114,150,114,BITMAP,12.307692307692308
clustered,12,0.75,47,130,114,150,114,BITMAP,12.307692307692308
clustered,12,0.75,48,130,114,150,114,BITMAP,12.307692307692308
clustered,12,0.75,49,130,114,150,114,BITMAP,12.307692307692308
clustered,12,0.75,50,130,114,150,114,BITMAP,12.307692307692308
clustered,12,0.75,51,130,114,150,114,BITMAP,12.307692307692308
clustered,12,0.75,52,130,114,150,114,BITMAP,12.307692307692308
clustered,12,0.75,53,130,114,150,114,BITMAP,12.307692307692308
clustered,12,0.75,54,130,114,150,114,BITMAP,12.307692307692308
clustered,12,0.75,55,130,114,150,114,BITMAP,12.307692307692308
clustered,12,0.75,56,130,114,150,114,BITMAP,12.307692307692308
clustered,12,0.75,57,130,114,150,114,BITMAP,12.307692307692308
clustered,12,0.75,58,130,114,150,114,BITMAP,12.307692307692308
clustered,12,0.75,59,130,114,150,114,BITMAP,12.307692307692308
clustered,12,0.75,60,130,114,150,114,BITMAP,12.307692307692308
clustered,12,0.75,61,130,114,150,114,BITMAP,12.307692307692308
clustered,12,0.75,62,130,114,150,114,BITMAP,12.307692307692308
clustered,12,0.75,63,130,114,150,114,BITMAP,12.307692307692308
clustered,12,0.75,64,130,114,150,114,BITMAP,12.307692307692308
clustered,12,0.75,65,130,114,150,114,BITMAP,12.307692307692308
clustered,12,0.75,66,130,114,150,114,BITMAP,12.307692307692308
clustered,12,0.75,67,130,114,150,114,BITMAP,12.307692307692308
clustered,12,0.75,68,130,114,150,114,BITMAP,12.307692307692308
clustered,12,0.75,69,130,114,150,114,BITMAP,12.307692307692308
clustered,12,0.75,70,130,114,150,114,BITMAP,12.307692307692308
clustered,12,0.75,71,130,114,150,114,BITMAP,12.307692307692308
clustered,12,0.75,72,130,114,150,114,BITMAP,12.307692307692308
clustered,12,0.75,73,130,114,150,114,BITMAP,12.307692307692308
clustered,12,0.75,74,130,114,150,114,BITMAP,12.307692307692308
clustered,12,0.75,75,130,114,150,114,BITMAP,12.307692307692308
clustered,12,0.75,76,130,114,150,114,BITMAP,12.307692307692308
clustered,12,0.75,77,130,114,150,114,BITMAP,12.307692307692308
clustered,12,0.75,78,130,114,150,114,BITMAP,12.307692307692308
clustered,12,0.75,79,130,114,150,114,BITMAP,12.307692307692308
clustered,12,0.75,80,130,114,150,114,BITMAP,12.307692307692308
clustered,12,0.75,81,130,114,150,114,BITMAP,12.307692307692308
clustered,12,0.75,82,130,114,150,114,BITMAP,12.307692307692308
clustered,12,0.75,83,130,114,150,114,BITMAP,12.307692307692308
clustered,12,0.75,84,130,114,150,114,BITMAP,12.307692307692308
clustered,12,0.75,85,130,114,150,114,BITMAP,12.307692307692308
clustered,12,0.75,86,130,114,150,114,BITMAP,12.307692307692308
clustered,12,0.75,87,130,114,150,114,BITMAP,12.307692307692308
clustered,12,0.75,88,130,114,150,114,BITMAP,12.307692307692308
clustered,12,0.75,89,130,114,150,114,BITMAP,12.307692307692308
clustered,12,0.75,90,130,114,150,114,BITMAP,12.307692307692308
clustered,12,0.75,91,130,114,150,114,BITMAP,12.307692307692308
clustered,12,0.75,92,130,114,150,114,BITMAP,12.307692307692308
clustered,12,0.75,93,130,114,150,114,BITMAP,12.307692307692308
clustered,12,0.75,94,130,114,150,114,BITMAP,12.307692307692308
clustered,12,0.75,95,130,114,150,114,BITMAP,12.307692307692308
clustered,12,0.75,96,130,114,150,114,BITMAP,12.307692307692308
clustered,12,0.75,97,130,114,150,114,BITMAP,12.307692307692308
clustered,12,0.75,98,130,114,150,114,BITMAP,12.307692307692308
clustered,12,0.75,99,130,114,150,114,BITMAP,12.307692307692308
clustered,13,0.8125,0,130,122,162,122,BITMAP,6.153846153846154
clustered,13,0.8125,1,130,122,162,122,BITMAP,6.153846153846154
clustered,13,0.8125,2,130,122,162,122,BITMAP,6.153846153846154
clustered,13,0.8125,3,130,122,162,122,BITMAP,6.153846153846154
clustered,13,0.8125,4,130,122,162,122,BITMAP,6.153846153846154
clustered,13,0.8125,5,130,122,162,122,BITMAP,6.153846153846154
clustered,13,0.8125,6,130,122,162,122,BITMAP,6.153846153846154
clustered,13,0.8125,7,130,122,162,122,BITMAP,6.153846153846154
clustered,13,0.8125,8,130,122,162,122,BITMAP,6.153846153846154
clustered,13,0.8125,9,130,122,162,122,BITMAP,6.153846153846154
clustered,13,0.8125,10,130,122,162,122,BITMAP,6.153846153846154
clustered,13,0.8125,11,130,122,162,122,BITMAP,6.153846153846154
clustered,13,0.8125,12,130,122,162,122,BITMAP,6.153846153846154
clustered,13,0.8125,13,130,122,162,122,BITMAP,6.153846153846154
clustered,13,0.8125,14,130,122,162,122,BITMAP,6.153846153846154
clustered,13,0.8125,15,130,122,162,122,BITMAP,6.153846153846154
clustered,13,0.8125,16,130,122,162,122,BITMAP,6.153846153846154
clustered,13,0.8125,17,130,122,162,122,BITMAP,6.153846153846154
clustered,13,0.8125,18,130,122,162,122,BITMAP,6.153846153846154
clustered,13,0.8125,19,130,122,162,122,BITMAP,6.153846153846154
clustered,13,0.8125,20,130,122,162,122,BITMAP,6.153846153846154
clustered,13,0.8125,21,130,122,162,122,BITMAP,6.153846153846154
clustered,13,0.8125,22,130,122,162,122,BITMAP,6.153846153846154
clustered,13,0.8125,23,130,122,162,122,BITMAP,6.153846153846154
clustered,13,0.8125,24,130,122,162,122,BITMAP,6.153846153846154
clustered,13,0.8125,25,130,122,162,122,BITMAP,6.153846153846154
clustered,13,0.8125,26,130,122,162,122,BITMAP,6.153846153846154
clustered,13,0.8125,27,130,122,162,122,BITMAP,6.153846153846154
clustered,13,0.8125,28,130,122,162,122,BITMAP,6.153846153846154
clustered,13,0.8125,29,130,122,162,122,BITMAP,6.153846153846154
clustered,13,0.8125,30,130,122,162,122,BITMAP,6.153846153846154
clustered,13,0.8125,31,130,122,162,122,BITMAP,6.153846153846154
clustered,13,0.8125,32,130,122,162,122,BITMAP,6.153846153846154
clustered,13,0.8125,33,130,122,162,122,BITMAP,6.153846153846154
clustered,13,0.8125,34,130,122,162,122,BITMAP,6.153846153846154
clustered,13,0.8125,35,130,122,162,122,BITMAP,6.153846153846154
clustered,13,0.8125,36,130,122,162,122,BITMAP,6.153846153846154
clustered,13,0.8125,37,130,122,162,122,BITMAP,6.153846153846154
clustered,13,0.8125,38,130,122,162,122,BITMAP,6.153846153846154
clustered,13,0.8125,39,130,122,162,122,BITMAP,6.153846153846154
clustered,13,0.8125,40,130,122,162,122,BITMAP,6.153846153846154
clustered,13,0.8125,41,130,122,162,122,BITMAP,6.153846153846154
clustered,13,0.8125,42,130,122,162,122,BITMAP,6.153846153846154
clustered,13,0.8125,43,130,122,162,122,BITMAP,6.153846153846154
clustered,13,0.8125,44,130,122,162,122,BITMAP,6.153846153846154
clustered,13,0.8125,45,130,122,162,122,BITMAP,6.153846153846154
clustered,13,0.8125,46,130,122,162,122,BITMAP,6.153846153846154
clustered,13,0.8125,47,130,122,162,122,BITMAP,6.153846153846154
clustered,13,0.8125,48,130,122,162,122,BITMAP,6.153846153846154
clustered,13,0.8125,49,130,122,162,122,BITMAP,6.153846153846154
clustered,13,0.8125,50,130,122,162,122,BITMAP,6.153846153846154
clustered,13,0.8125,51,130,122,162,122,BITMAP,6.153846153846154
clustered,13,0.8125,52,130,122,162,122,BITMAP,6.153846153846154
clustered,13,0.8125,53,130,122,162,122,BITMAP,6.153846153846154
clustered,13,0.8125,54,130,122,162,122,BITMAP,6.153846153846154
clustered,13,0.8125,55,130,122,162,122,BITMAP,6.153846153846154
clustered,13,0.8125,56,130,122,162,122,BITMAP,6.153846153846154
clustered,13,0.8125,57,130,122,162,122,BITMAP,6.153846153846154
clustered,13,0.8125,58,130,122,162,122,BITMAP,6.153846153846154
clustered,13,0.8125,59,130,122,162,122,BITMAP,6.153846153846154
clustered,13,0.8125,60,130,122,162,122,BITMAP,6.153846153846154
clustered,13,0.8125,61,130,122,162,122,BITMAP,6.153846153846154
clustered,13,0.8125,62,130,122,162,122,BITMAP,6.153846153846154
clustered,13,0.8125,63,130,122,162,122,BITMAP,6.153846153846154
clustered,13,0.8125,64,130,122,162,122,BITMAP,6.153846153846154
clustered,13,0.8125,65,130,122,162,122,BITMAP,6.153846153846154
clustered,13,0.8125,66,130,122,162,122,BITMAP,6.153846153846154
clustered,13,0.8125,67,130,122,162,122,BITMAP,6.153846153846154
clustered,13,0.8125,68,130,122,162,122,BITMAP,6.153846153846154
clustered,13,0.8125,69,130,122,162,122,BITMAP,6.153846153846154
clustered,13,0.8125,70,130,122,162,122,BITMAP,6.153846153846154
clustered,13,0.8125,71,130,122,162,122,BITMAP,6.153846153846154
clustered,13,0.8125,72,130,122,162,122,BITMAP,6.153846153846154
clustered,13,0.8125,73,130,122,162,122,BITMAP,6.153846153846154
clustered,13,0.8125,74,130,122,162,122,BITMAP,6.153846153846154
clustered,13,0.8125,75,130,122,162,122,BITMAP,6.153846153846154
clustered,13,0.8125,76,130,122,162,122,BITMAP,6.153846153846154
clustered,13,0.8125,77,130,122,162,122,BITMAP,6.153846153846154
clustered,13,0.8125,78,130,122,162,122,BITMAP,6.153846153846154
clustered,13,0.8125,79,130,122,162,122,BITMAP,6.153846153846154
clustered,13,0.8125,80,130,122,162,122,BITMAP,6.153846153846154
clustered,13,0.8125,81,130,122,162,122,BITMAP,6.153846153846154
clustered,13,0.8125,82,130,122,162,122,BITMAP,6.153846153846154
clustered,13,0.8125,83,130,122,162,122,BITMAP,6.153846153846154
clustered,13,0.8125,84,130,122,162,122,BITMAP,6.153846153846154
clustered,13,0.8125,85,130,122,162,122,BITMAP,6.153846153846154
clustered,13,0.8125,86,130,122,162,122,BITMAP,6.153846153846154
clustered,13,0.8125,87,130,122,162,122,BITMAP,6.153846153846154
clustered,13,0.8125,88,130,122,162,122,BITMAP,6.153846153846154
clustered,13,0.8125,89,130,122,162,122,BITMAP,6.153846153846154
clustered,13,0.8125,90,130,122,162,122,BITMAP,6.153846153846154
clustered,13,0.8125,91,130,122,162,122,BITMAP,6.153846153846154
clustered,13,0.8125,92,130,122,162,122,BITMAP,6.153846153846154
clustered,13,0.8125,93,130,122,162,122,BITMAP,6.153846153846154
clustered,13,0.8125,94,130,122,162,122,BITMAP,6.153846153846154
clustered,13,0.8125,95,130,122,162,122,BITMAP,6.153846153846154
clustered,13,0.8125,96,130,122,162,122,BITMAP,6.153846153846154
clustered,13,0.8125,97,130,122,162,122,BITMAP,6.153846153846154
clustered,13,0.8125,98,130,122,162,122,BITMAP,6.153846153846154
clustered,13,0.8125,99,130,122,162,122,BITMAP,6.153846153846154
clustered,14,0.875,0,130,130,174,130,RAW,0.0
clustered,14,0.875,1,130,130,174,130,RAW,0.0
clustered,14,0.875,2,130,130,174,130,RAW,0.0
clustered,14,0.875,3,130,130,174,130,RAW,0.0
clustered,14,0.875,4,130,130,174,130,RAW,0.0
clustered,14,0.875,5,130,130,174,130,RAW,0.0
clustered,14,0.875,6,130,130,174,130,RAW,0.0
clustered,14,0.875,7,130,130,174,130,RAW,0.0
clustered,14,0.875,8,130,130,174,130,RAW,0.0
clustered,14,0.875,9,130,130,174,130,RAW,0.0
clustered,14,0.875,10,130,130,174,130,RAW,0.0
clustered,14,0.875,11,130,130,174,130,RAW,0.0
clustered,14,0.875,12,130,130,174,130,RAW,0.0
clustered,14,0.875,13,130,130,174,130,RAW,0.0
clustered,14,0.875,14,130,130,174,130,RAW,0.0
clustered,14,0.875,15,130,130,174,130,RAW,0.0
clustered,14,0.875,16,130,130,174,130,RAW,0.0
clustered,14,0.875,17,130,130,174,130,RAW,0.0
clustered,14,0.875,18,130,130,174,130,RAW,0.0
clustered,14,0.875,19,130,130,174,130,RAW,0.0
clustered,14,0.875,20,130,130,174,130,RAW,0.0
clustered,14,0.875,21,130,130,174,130,RAW,0.0
clustered,14,0.875,22,130,130,174,130,RAW,0.0
clustered,14,0.875,23,130,130,174,130,RAW,0.0
clustered,14,0.875,24,130,130,174,130,RAW,0.0
clustered,14,0.875,25,130,130,174,130,RAW,0.0
clustered,14,0.875,26,130,130,174,130,RAW,0.0
clustered,14,0.875,27,130,130,174,130,RAW,0.0
clustered,14,0.875,28,130,130,174,130,RAW,0.0
clustered,14,0.875,29,130,130,174,130,RAW,0.0
clustered,14,0.875,30,130,130,174,130,RAW,0.0
clustered,14,0.875,31,130,130,174,130,RAW,0.0
clustered,14,0.875,32,130,130,174,130,RAW,0.0
clustered,14,0.875,33,130,130,174,130,RAW,0.0
clustered,14,0.875,34,130,130,174,130,RAW,0.0
clustered,14,0.875,35,130,130,174,130,RAW,0.0
clustered,14,0.875,36,130,130,174,130,RAW,0.0
clustered,14,0.875,37,130,130,174,130,RAW,0.0
clustered,14,0.875,38,130,130,174,130,RAW,0.0
clustered,14,0.875,39,130,130,174,130,RAW,0.0
clustered,14,0.875,40,130,130,174,130,RAW,0.0
clustered,14,0.875,41,130,130,174,130,RAW,0.0
clustered,14,0.875,42,130,130,174,130,RAW,0.0
clustered,14,0.875,43,130,130,174,130,RAW,0.0
clustered,14,0.875,44,130,130,174,130,RAW,0.0
clustered,14,0.875,45,130,130,174,130,RAW,0.0
clustered,14,0.875,46,130,130,174,130,RAW,0.0
clustered,14,0.875,47,130,130,174,130,RAW,0.0
clustered,14,0.875,48,130,130,174,130,RAW,0.0
clustered,14,0.875,49,130,130,174,130,RAW,0.0
clustered,14,0.875,50,130,130,174,130,RAW,0.0
clustered,14,0.875,51,130,130,174,130,RAW,0.0
clustered,14,0.875,52,130,130,174,130,RAW,0.0
clustered,14,0.875,53,130,130,174,130,RAW,0.0
clustered,14,0.875,54,130,130,174,130,RAW,0.0
clustered,14,0.875,55,130,130,174,130,RAW,0.0
clustered,14,0.875,56,130,130,174,130,RAW,0.0
clustered,14,0.875,57,130,130,174,130,RAW,0.0
clustered,14,0.875,58,130,130,174,130,RAW,0.0
clustered,14,0.875,59,130,130,174,130,RAW,0.0
clustered,14,0.875,60,130,130,174,130,RAW,0.0
clustered,14,0.875,61,130,130,174,130,RAW,0.0
clustered,14,0.875,62,130,130,174,130,RAW,0.0
clustered,14,0.875,63,130,130,174,130,RAW,0.0
clustered,14,0.875,64,130,130,174,130,RAW,0.0
clustered,14,0.875,65,130,130,174,130,RAW,0.0
clustered,14,0.875,66,130,130,174,130,RAW,0.0
clustered,14,0.875,67,130,130,174,130,RAW,0.0
clustered,14,0.875,68,130,130,174,130,RAW,0.0
clustered,14,0.875,69,130,130,174,130,RAW,0.0
clustered,14,0.875,70,130,130,174,130,RAW,0.0
clustered,14,0.875,71,130,130,174,130,RAW,0.0
clustered,14,0.875,72,130,130,174,130,RAW,0.0
clustered,14,0.875,73,130,130,174,130,RAW,0.0
clustered,14,0.875,74,130,130,174,130,RAW,0.0
clustered,14,0.875,75,130,130,174,130,RAW,0.0
clustered,14,0.875,76,130,130,174,130,RAW,0.0
clustered,14,0.875,77,130,130,174,130,RAW,0.0
clustered,14,0.875,78,130,130,174,130,RAW,0.0
clustered,14,0.875,79,130,130,174,130,RAW,0.0
clustered,14,0.875,80,130,130,174,130,RAW,0.0
clustered,14,0.875,81,130,130,174,130,RAW,0.0
clustered,14,0.875,82,130,130,174,130,RAW,0.0
clustered,14,0.875,83,130,130,174,130,RAW,0.0
clustered,14,0.875,84,130,130,174,130,RAW,0.0
clustered,14,0.875,85,130,130,174,130,RAW,0.0
clustered,14,0.875,86,130,130,174,130,RAW,0.0
clustered,14,0.875,87,130,130,174,130,RAW,0.0
clustered,14,0.875,88,130,130,174,130,RAW,0.0
clustered,14,0.875,89,130,130,174,130,RAW,0.0
clustered,14,0.875,90,130,130,174,130,RAW,0.0
clustered,14,0.875,91,130,130,174,130,RAW,0.0
clustered,14,0.875,92,130,130,174,130,RAW,0.0
clustered,14,0.875,93,130,130,174,130,RAW,0.0
clustered,14,0.875,94,130,130,174,130,RAW,0.0
clustered,14,0.875,95,130,130,174,130,RAW,0.0
clustered,14,0.875,96,130,130,174,130,RAW,0.0
clustered,14,0.875,97,130,130,174,130,RAW,0.0
clustered,14,0.875,98,130,130,174,130,RAW,0.0
clustered,14,0.875,99,130,130,174,130,RAW,0.0
clustered,15,0.9375,0,130,138,186,130,RAW,0.0
clustered,15,0.9375,1,130,138,186,130,RAW,0.0
clustered,15,0.9375,2,130,138,186,130,RAW,0.0
clustered,15,0.9375,3,130,138,186,130,RAW,0.0
clustered,15,0.9375,4,130,138,186,130,RAW,0.0
clustered,15,0.9375,5,130,138,186,130,RAW,0.0
clustered,15,0.9375,6,130,138,186,130,RAW,0.0
clustered,15,0.9375,7,130,138,186,130,RAW,0.0
clustered,15,0.9375,8,130,138,186,130,RAW,0.0
clustered,15,0.9375,9,130,138,186,130,RAW,0.0
clustered,15,0.9375,10,130,138,186,130,RAW,0.0
clustered,15,0.9375,11,130,138,186,130,RAW,0.0
clustered,15,0.9375,12,130,138,186,130,RAW,0.0
clustered,15,0.9375,13,130,138,186,130,RAW,0.0
clustered,15,0.9375,14,130,138,186,130,RAW,0.0
clustered,15,0.9375,15,130,138,186,130,RAW,0.0
clustered,15,0.9375,16,130,138,186,130,RAW,0.0
clustered,15,0.9375,17,130,138,186,130,RAW,0.0
clustered,15,0.9375,18,130,138,186,130,RAW,0.0
clustered,15,0.9375,19,130,138,186,130,RAW,0.0
clustered,15,0.9375,20,130,138,186,130,RAW,0.0
clustered,15,0.9375,21,130,138,186,130,RAW,0.0
clustered,15,0.9375,22,130,138,186,130,RAW,0.0
clustered,15,0.9375,23,130,138,186,130,RAW,0.0
clustered,15,0.9375,24,130,138,186,130,RAW,0.0
clustered,15,0.9375,25,130,138,186,130,RAW,0.0
clustered,15,0.9375,26,130,138,186,130,RAW,0.0
clustered,15,0.9375,27,130,138,186,130,RAW,0.0
clustered,15,0.9375,28,130,138,186,130,RAW,0.0
clustered,15,0.9375,29,130,138,186,130,RAW,0.0
clustered,15,0.9375,30,130,138,186,130,RAW,0.0
clustered,15,0.9375,31,130,138,186,130,RAW,0.0
clustered,15,0.9375,32,130,138,186,130,RAW,0.0
clustered,15,0.9375,33,130,138,186,130,RAW,0.0
clustered,15,0.9375,34,130,138,186,130,RAW,0.0
clustered,15,0.9375,35,130,138,186,130,RAW,0.0
clustered,15,0.9375,36,130,138,186,130,RAW,0.0
clustered,15,0.9375,37,130,138,186,130,RAW,0.0
clustered,15,0.9375,38,130,138,186,130,RAW,0.0
clustered,15,0.9375,39,130,138,186,130,RAW,0.0
clustered,15,0.9375,40,130,138,186,130,RAW,0.0
clustered,15,0.9375,41,130,138,186,130,RAW,0.0
clustered,15,0.9375,42,130,138,186,130,RAW,0.0
clustered,15,0.9375,43,130,138,186,130,RAW,0.0
clustered,15,0.9375,44,130,138,186,130,RAW,0.0
clustered,15,0.9375,45,130,138,186,130,RAW,0.0
clustered,15,0.9375,46,130,138,186,130,RAW,0.0
clustered,15,0.9375,47,130,138,186,130,RAW,0.0
clustered,15,0.9375,48,130,138,186,130,RAW,0.0
clustered,15,0.9375,49,130,138,186,130,RAW,0.0
clustered,15,0.9375,50,130,138,186,130,RAW,0.0
clustered,15,0.9375,51,130,138,186,130,RAW,0.0
clustered,15,0.9375,52,130,138,186,130,RAW,0.0
clustered,15,0.9375,53,130,138,186,130,RAW,0.0
clustered,15,0.9375,54,130,138,186,130,RAW,0.0
clustered,15,0.9375,55,130,138,186,130,RAW,0.0
clustered,15,0.9375,56,130,138,186,130,RAW,0.0
clustered,15,0.9375,57,130,138,186,130,RAW,0.0
clustered,15,0.9375,58,130,138,186,130,RAW,0.0
clustered,15,0.9375,59,130,138,186,130,RAW,0.0
clustered,15,0.9375,60,130,138,186,130,RAW,0.0
clustered,15,0.9375,61,130,138,186,130,RAW,0.0
clustered,15,0.9375,62,130,138,186,130,RAW,0.0
clustered,15,0.9375,63,130,138,186,130,RAW,0.0
clustered,15,0.9375,64,130,138,186,130,RAW,0.0
clustered,15,0.9375,65,130,138,186,130,RAW,0.0
clustered,15,0.9375,66,130,138,186,130,RAW,0.0
clustered,15,0.9375,67,130,138,186,130,RAW,0.0
clustered,15,0.9375,68,130,138,186,130,RAW,0.0
clustered,15,0.9375,69,130,138,186,130,RAW,0.0
clustered,15,0.9375,70,130,138,186,130,RAW,0.0
clustered,15,0.9375,71,130,138,186,130,RAW,0.0
clustered,15,0.9375,72,130,138,186,130,RAW,0.0
clustered,15,0.9375,73,130,138,186,130,RAW,0.0
clustered,15,0.9375,74,130,138,186,130,RAW,0.0
clustered,15,0.9375,75,130,138,186,130,RAW,0.0
clustered,15,0.9375,76,130,138,186,130,RAW,0.0
clustered,15,0.9375,77,130,138,186,130,RAW,0.0
clustered,15,0.9375,78,130,138,186,130,RAW,0.0
clustered,15,0.9375,79,130,138,186,130,RAW,0.0
clustered,15,0.9375,80,130,138,186,130,RAW,0.0
clustered,15,0.9375,81,130,138,186,130,RAW,0.0
clustered,15,0.9375,82,130,138,186,130,RAW,0.0
clustered,15,0.9375,83,130,138,186,130,RAW,0.0
clustered,15,0.9375,84,130,138,186,130,RAW,0.0
clustered,15,0.9375,85,130,138,186,130,RAW,0.0
clustered,15,0.9375,86,130,138,186,130,RAW,0.0
clustered,15,0.9375,87,130,138,186,130,RAW,0.0
clustered,15,0.9375,88,130,138,186,130,RAW,0.0
clustered,15,0.9375,89,130,138,186,130,RAW,0.0
clustered,15,0.9375,90,130,138,186,130,RAW,0.0
clustered,15,0.9375,91,130,138,186,130,RAW,0.0
clustered,15,0.9375,92,130,138,186,130,RAW,0.0
clustered,15,0.9375,93,130,138,186,130,RAW,0.0
clustered,15,0.9375,94,130,138,186,130,RAW,0.0
clustered,15,0.9375,95,130,138,186,130,RAW,0.0
clustered,15,0.9375,96,130,138,186,130,RAW,0.0
clustered,15,0.9375,97,130,138,186,130,RAW,0.0
clustered,15,0.9375,98,130,138,186,130,RAW,0.0
clustered,15,0.9375,99,130,138,186,130,RAW,0.0
clustered,16,1.0,0,130,146,198,130,RAW,0.0
clustered,16,1.0,1,130,146,198,130,RAW,0.0
clustered,16,1.0,2,130,146,198,130,RAW,0.0
clustered,16,1.0,3,130,146,198,130,RAW,0.0
clustered,16,1.0,4,130,146,198,130,RAW,0.0
clustered,16,1.0,5,130,146,198,130,RAW,0.0
clustered,16,1.0,6,130,146,198,130,RAW,0.0
clustered,16,1.0,7,130,146,198,130,RAW,0.0
clustered,16,1.0,8,130,146,198,130,RAW,0.0
clustered,16,1.0,9,130,146,198,130,RAW,0.0
clustered,16,1.0,10,130,146,198,130,RAW,0.0
clustered,16,1.0,11,130,146,198,130,RAW,0.0
clustered,16,1.0,12,130,146,198,130,RAW,0.0
clustered,16,1.0,13,130,146,198,130,RAW,0.0
clustered,16,1.0,14,130,146,198,130,RAW,0.0
clustered,16,1.0,15,130,146,198,130,RAW,0.0
clustered,16,1.0,16,130,146,198,130,RAW,0.0
clustered,16,1.0,17,130,146,198,130,RAW,0.0
clustered,16,1.0,18,130,146,198,130,RAW,0.0
clustered,16,1.0,19,130,146,198,130,RAW,0.0
clustered,16,1.0,20,130,146,198,130,RAW,0.0
clustered,16,1.0,21,130,146,198,130,RAW,0.0
clustered,16,1.0,22,130,146,198,130,RAW,0.0
clustered,16,1.0,23,130,146,198,130,RAW,0.0
clustered,16,1.0,24,130,146,198,130,RAW,0.0
clustered,16,1.0,25,130,146,198,130,RAW,0.0
clustered,16,1.0,26,130,146,198,130,RAW,0.0
clustered,16,1.0,27,130,146,198,130,RAW,0.0
clustered,16,1.0,28,130,146,198,130,RAW,0.0
clustered,16,1.0,29,130,146,198,130,RAW,0.0
clustered,16,1.0,30,130,146,198,130,RAW,0.0
clustered,16,1.0,31,130,146,198,130,RAW,0.0
clustered,16,1.0,32,130,146,198,130,RAW,0.0
clustered,16,1.0,33,130,146,198,130,RAW,0.0
clustered,16,1.0,34,130,146,198,130,RAW,0.0
clustered,16,1.0,35,130,146,198,130,RAW,0.0
clustered,16,1.0,36,130,146,198,130,RAW,0.0
clustered,16,1.0,37,130,146,198,130,RAW,0.0
clustered,16,1.0,38,130,146,198,130,RAW,0.0
clustered,16,1.0,39,130,146,198,130,RAW,0.0
clustered,16,1.0,40,130,146,198,130,RAW,0.0
clustered,16,1.0,41,130,146,198,130,RAW,0.0
clustered,16,1.0,42,130,146,198,130,RAW,0.0
clustered,16,1.0,43,130,146,198,130,RAW,0.0
clustered,16,1.0,44,130,146,198,130,RAW,0.0
clustered,16,1.0,45,130,146,198,130,RAW,0.0
clustered,16,1.0,46,130,146,198,130,RAW,0.0
clustered,16,1.0,47,130,146,198,130,RAW,0.0
clustered,16,1.0,48,130,146,198,130,RAW,0.0
clustered,16,1.0,49,130,146,198,130,RAW,0.0
clustered,16,1.0,50,130,146,198,130,RAW,0.0
clustered,16,1.0,51,130,146,198,130,RAW,0.0
clustered,16,1.0,52,130,146,198,130,RAW,0.0
clustered,16,1.0,53,130,146,198,130,RAW,0.0
clustered,16,1.0,54,130,146,198,130,RAW,0.0
clustered,16,1.0,55,130,146,198,130,RAW,0.0
clustered,16,1.0,56,130,146,198,130,RAW,0.0
clustered,16,1.0,57,130,146,198,130,RAW,0.0
clustered,16,1.0,58,130,146,198,130,RAW,0.0
clustered,16,1.0,59,130,146,198,130,RAW,0.0
clustered,16,1.0,60,130,146,198,130,RAW,0.0
clustered,16,1.0,61,130,146,198,130,RAW,0.0
clustered,16,1.0,62,130,146,198,130,RAW,0.0
clustered,16,1.0,63,130,146,198,130,RAW,0.0
clustered,16,1.0,64,130,146,198,130,RAW,0.0
clustered,16,1.0,65,130,146,198,130,RAW,0.0
clustered,16,1.0,66,130,146,198,130,RAW,0.0
clustered,16,1.0,67,130,146,198,130,RAW,0.0
clustered,16,1.0,68,130,146,198,130,RAW,0.0
clustered,16,1.0,69,130,146,198,130,RAW,0.0
clustered,16,1.0,70,130,146,198,130,RAW,0.0
clustered,16,1.0,71,130,146,198,130,RAW,0.0
clustered,16,1.0,72,130,146,198,130,RAW,0.0
clustered,16,1.0,73,130,146,198,130,RAW,0.0
clustered,16,1.0,74,130,146,198,130,RAW,0.0
clustered,16,1.0,75,130,146,198,130,RAW,0.0
clustered,16,1.0,76,130,146,198,130,RAW,0.0
clustered,16,1.0,77,130,146,198,130,RAW,0.0
clustered,16,1.0,78,130,146,198,130,RAW,0.0
clustered,16,1.0,79,130,146,198,130,RAW,0.0
clustered,16,1.0,80,130,146,198,130,RAW,0.0
clustered,16,1.0,81,130,146,198,130,RAW,0.0
clustered,16,1.0,82,130,146,198,130,RAW,0.0
clustered,16,1.0,83,130,146,198,130,RAW,0.0
clustered,16,1.0,84,130,146,198,130,RAW,0.0
clustered,16,1.0,85,130,146,198,130,RAW,0.0
clustered,16,1.0,86,130,146,198,130,RAW,0.0
clustered,16,1.0,87,130,146,198,130,RAW,0.0
clustered,16,1.0,88,130,146,198,130,RAW,0.0
clustered,16,1.0,89,130,146,198,130,RAW,0.0
clustered,16,1.0,90,130,146,198,130,RAW,0.0
clustered,16,1.0,91,130,146,198,130,RAW,0.0
clustered,16,1.0,92,130,146,198,130,RAW,0.0
clustered,16,1.0,93,130,146,198,130,RAW,0.0
clustered,16,1.0,94,130,146,198,130,RAW,0.0
clustered,16,1.0,95,130,146,198,130,RAW,0.0
clustered,16,1.0,96,130,146,198,130,RAW,0.0
clustered,16,1.0,97,130,146,198,130,RAW,0.0
clustered,16,1.0,98,130,146,198,130,RAW,0.0
clustered,16,1.0,99,130,146,198,130,RAW,0.0
alternating,0,0.0,0,130,18,6,6,RLE,95.38461538461539
alternating,0,0.0,1,130,18,6,6,RLE,95.38461538461539
alternating,0,0.0,2,130,18,6,6,RLE,95.38461538461539
alternating,0,0.0,3,130,18,6,6,RLE,95.38461538461539
alternating,0,0.0,4,130,18,6,6,RLE,95.38461538461539
alternating,0,0.0,5,130,18,6,6,RLE,95.38461538461539
alternating,0,0.0,6,130,18,6,6,RLE,95.38461538461539
alternating,0,0.0,7,130,18,6,6,RLE,95.38461538461539
alternating,0,0.0,8,130,18,6,6,RLE,95.38461538461539
alternating,0,0.0,9,130,18,6,6,RLE,95.38461538461539
alternating,0,0.0,10,130,18,6,6,RLE,95.38461538461539
alternating,0,0.0,11,130,18,6,6,RLE,95.38461538461539
alternating,0,0.0,12,130,18,6,6,RLE,95.38461538461539
alternating,0,0.0,13,130,18,6,6,RLE,95.38461538461539
alternating,0,0.0,14,130,18,6,6,RLE,95.38461538461539
alternating,0,0.0,15,130,18,6,6,RLE,95.38461538461539
alternating,0,0.0,16,130,18,6,6,RLE,95.38461538461539
alternating,0,0.0,17,130,18,6,6,RLE,95.38461538461539
alternating,0,0.0,18,130,18,6,6,RLE,95.38461538461539
alternating,0,0.0,19,130,18,6,6,RLE,95.38461538461539
alternating,0,0.0,20,130,18,6,6,RLE,95.38461538461539
alternating,0,0.0,21,130,18,6,6,RLE,95.38461538461539
alternating,0,0.0,22,130,18,6,6,RLE,95.38461538461539
alternating,0,0.0,23,130,18,6,6,RLE,95.38461538461539
alternating,0,0.0,24,130,18,6,6,RLE,95.38461538461539
alternating,0,0.0,25,130,18,6,6,RLE,95.38461538461539
alternating,0,0.0,26,130,18,6,6,RLE,95.38461538461539
alternating,0,0.0,27,130,18,6,6,RLE,95.38461538461539
alternating,0,0.0,28,130,18,6,6,RLE,95.38461538461539
alternating,0,0.0,29,130,18,6,6,RLE,95.38461538461539
alternating,0,0.0,30,130,18,6,6,RLE,95.38461538461539
alternating,0,0.0,31,130,18,6,6,RLE,95.38461538461539
alternating,0,0.0,32,130,18,6,6,RLE,95.38461538461539
alternating,0,0.0,33,130,18,6,6,RLE,95.38461538461539
alternating,0,0.0,34,130,18,6,6,RLE,95.38461538461539
alternating,0,0.0,35,130,18,6,6,RLE,95.38461538461539
alternating,0,0.0,36,130,18,6,6,RLE,95.38461538461539
alternating,0,0.0,37,130,18,6,6,RLE,95.38461538461539
alternating,0,0.0,38,130,18,6,6,RLE,95.38461538461539
alternating,0,0.0,39,130,18,6,6,RLE,95.38461538461539
alternating,0,0.0,40,130,18,6,6,RLE,95.38461538461539
alternating,0,0.0,41,130,18,6,6,RLE,95.38461538461539
alternating,0,0.0,42,130,18,6,6,RLE,95.38461538461539
alternating,0,0.0,43,130,18,6,6,RLE,95.38461538461539
alternating,0,0.0,44,130,18,6,6,RLE,95.38461538461539
alternating,0,0.0,45,130,18,6,6,RLE,95.38461538461539
alternating,0,0.0,46,130,18,6,6,RLE,95.38461538461539
alternating,0,0.0,47,130,18,6,6,RLE,95.38461538461539
alternating,0,0.0,48,130,18,6,6,RLE,95.38461538461539
alternating,0,0.0,49,130,18,6,6,RLE,95.38461538461539
alternating,0,0.0,50,130,18,6,6,RLE,95.38461538461539
alternating,0,0.0,51,130,18,6,6,RLE,95.38461538461539
alternating,0,0.0,52,130,18,6,6,RLE,95.38461538461539
alternating,0,0.0,53,130,18,6,6,RLE,95.38461538461539
alternating,0,0.0,54,130,18,6,6,RLE,95.38461538461539
alternating,0,0.0,55,130,18,6,6,RLE,95.38461538461539
alternating,0,0.0,56,130,18,6,6,RLE,95.38461538461539
alternating,0,0.0,57,130,18,6,6,RLE,95.38461538461539
alternating,0,0.0,58,130,18,6,6,RLE,95.38461538461539
alternating,0,0.0,59,130,18,6,6,RLE,95.38461538461539
alternating,0,0.0,60,130,18,6,6,RLE,95.38461538461539
alternating,0,0.0,61,130,18,6,6,RLE,95.38461538461539
alternating,0,0.0,62,130,18,6,6,RLE,95.38461538461539
alternating,0,0.0,63,130,18,6,6,RLE,95.38461538461539
alternating,0,0.0,64,130,18,6,6,RLE,95.38461538461539
alternating,0,0.0,65,130,18,6,6,RLE,95.38461538461539
alternating,0,0.0,66,130,18,6,6,RLE,95.38461538461539
alternating,0,0.0,67,130,18,6,6,RLE,95.38461538461539
alternating,0,0.0,68,130,18,6,6,RLE,95.38461538461539
alternating,0,0.0,69,130,18,6,6,RLE,95.38461538461539
alternating,0,0.0,70,130,18,6,6,RLE,95.38461538461539
alternating,0,0.0,71,130,18,6,6,RLE,95.38461538461539
alternating,0,0.0,72,130,18,6,6,RLE,95.38461538461539
alternating,0,0.0,73,130,18,6,6,RLE,95.38461538461539
alternating,0,0.0,74,130,18,6,6,RLE,95.38461538461539
alternating,0,0.0,75,130,18,6,6,RLE,95.38461538461539
alternating,0,0.0,76,130,18,6,6,RLE,95.38461538461539
alternating,0,0.0,77,130,18,6,6,RLE,95.38461538461539
alternating,0,0.0,78,130,18,6,6,RLE,95.38461538461539
alternating,0,0.0,79,130,18,6,6,RLE,95.38461538461539
alternating,0,0.0,80,130,18,6,6,RLE,95.38461538461539
alternating,0,0.0,81,130,18,6,6,RLE,95.38461538461539
alternating,0,0.0,82,130,18,6,6,RLE,95.38461538461539
alternating,0,0.0,83,130,18,6,6,RLE,95.38461538461539
alternating,0,0.0,84,130,18,6,6,RLE,95.38461538461539
alternating,0,0.0,85,130,18,6,6,RLE,95.38461538461539
alternating,0,0.0,86,130,18,6,6,RLE,95.38461538461539
alternating,0,0.0,87,130,18,6,6,RLE,95.38461538461539
alternating,0,0.0,88,130,18,6,6,RLE,95.38461538461539
alternating,0,0.0,89,130,18,6,6,RLE,95.38461538461539
alternating,0,0.0,90,130,18,6,6,RLE,95.38461538461539
alternating,0,0.0,91,130,18,6,6,RLE,95.38461538461539
alternating,0,0.0,92,130,18,6,6,RLE,95.38461538461539
alternating,0,0.0,93,130,18,6,6,RLE,95.38461538461539
alternating,0,0.0,94,130,18,6,6,RLE,95.38461538461539
alternating,0,0.0,95,130,18,6,6,RLE,95.38461538461539
alternating,0,0.0,96,130,18,6,6,RLE,95.38461538461539
alternating,0,0.0,97,130,18,6,6,RLE,95.38461538461539
alternating,0,0.0,98,130,18,6,6,RLE,95.38461538461539
alternating,0,0.0,99,130,18,6,6,RLE,95.38461538461539
alternating,1,0.0625,0,130,26,18,18,RLE,86.15384615384616
alternating,1,0.0625,1,130,26,18,18,RLE,86.15384615384616
alternating,1,0.0625,2,130,26,18,18,RLE,86.15384615384616
alternating,1,0.0625,3,130,26,18,18,RLE,86.15384615384616
alternating,1,0.0625,4,130,26,18,18,RLE,86.15384615384616
alternating,1,0.0625,5,130,26,18,18,RLE,86.15384615384616
alternating,1,0.0625,6,130,26,18,18,RLE,86.15384615384616
alternating,1,0.0625,7,130,26,18,18,RLE,86.15384615384616
alternating,1,0.0625,8,130,26,18,18,RLE,86.15384615384616
alternating,1,0.0625,9,130,26,18,18,RLE,86.15384615384616
alternating,1,0.0625,10,130,26,18,18,RLE,86.15384615384616
alternating,1,0.0625,11,130,26,18,18,RLE,86.15384615384616
alternating,1,0.0625,12,130,26,18,18,RLE,86.15384615384616
alternating,1,0.0625,13,130,26,18,18,RLE,86.15384615384616
alternating,1,0.0625,14,130,26,18,18,RLE,86.15384615384616
alternating,1,0.0625,15,130,26,18,18,RLE,86.15384615384616
alternating,1,0.0625,16,130,26,18,18,RLE,86.15384615384616
alternating,1,0.0625,17,130,26,18,18,RLE,86.15384615384616
alternating,1,0.0625,18,130,26,18,18,RLE,86.15384615384616
alternating,1,0.0625,19,130,26,18,18,RLE,86.15384615384616
alternating,1,0.0625,20,130,26,18,18,RLE,86.15384615384616
alternating,1,0.0625,21,130,26,18,18,RLE,86.15384615384616
alternating,1,0.0625,22,130,26,18,18,RLE,86.15384615384616
alternating,1,0.0625,23,130,26,18,18,RLE,86.15384615384616
alternating,1,0.0625,24,130,26,18,18,RLE,86.15384615384616
alternating,1,0.0625,25,130,26,18,18,RLE,86.15384615384616
alternating,1,0.0625,26,130,26,18,18,RLE,86.15384615384616
alternating,1,0.0625,27,130,26,18,18,RLE,86.15384615384616
alternating,1,0.0625,28,130,26,18,18,RLE,86.15384615384616
alternating,1,0.0625,29,130,26,18,18,RLE,86.15384615384616
alternating,1,0.0625,30,130,26,18,18,RLE,86.15384615384616
alternating,1,0.0625,31,130,26,18,18,RLE,86.15384615384616
alternating,1,0.0625,32,130,26,18,18,RLE,86.15384615384616
alternating,1,0.0625,33,130,26,18,18,RLE,86.15384615384616
alternating,1,0.0625,34,130,26,18,18,RLE,86.15384615384616
alternating,1,0.0625,35,130,26,18,18,RLE,86.15384615384616
alternating,1,0.0625,36,130,26,18,18,RLE,86.15384615384616
alternating,1,0.0625,37,130,26,18,18,RLE,86.15384615384616
alternating,1,0.0625,38,130,26,18,18,RLE,86.15384615384616
alternating,1,0.0625,39,130,26,18,18,RLE,86.15384615384616
alternating,1,0.0625,40,130,26,18,18,RLE,86.15384615384616
alternating,1,0.0625,41,130,26,18,18,RLE,86.15384615384616
alternating,1,0.0625,42,130,26,18,18,RLE,86.15384615384616
alternating,1,0.0625,43,130,26,18,18,RLE,86.15384615384616
alternating,1,0.0625,44,130,26,18,18,RLE,86.15384615384616
alternating,1,0.0625,45,130,26,18,18,RLE,86.15384615384616
alternating,1,0.0625,46,130,26,18,18,RLE,86.15384615384616
alternating,1,0.0625,47,130,26,18,18,RLE,86.15384615384616
alternating,1,0.0625,48,130,26,18,18,RLE,86.15384615384616
alternating,1,0.0625,49,130,26,18,18,RLE,86.15384615384616
alternating,1,0.0625,50,130,26,18,18,RLE,86.15384615384616
alternating,1,0.0625,51,130,26,18,18,RLE,86.15384615384616
alternating,1,0.0625,52,130,26,18,18,RLE,86.15384615384616
alternating,1,0.0625,53,130,26,18,18,RLE,86.15384615384616
alternating,1,0.0625,54,130,26,18,18,RLE,86.15384615384616
alternating,1,0.0625,55,130,26,18,18,RLE,86.15384615384616
alternating,1,0.0625,56,130,26,18,18,RLE,86.15384615384616
alternating,1,0.0625,57,130,26,18,18,RLE,86.15384615384616
alternating,1,0.0625,58,130,26,18,18,RLE,86.15384615384616
alternating,1,0.0625,59,130,26,18,18,RLE,86.15384615384616
alternating,1,0.0625,60,130,26,18,18,RLE,86.15384615384616
alternating,1,0.0625,61,130,26,18,18,RLE,86.15384615384616
alternating,1,0.0625,62,130,26,18,18,RLE,86.15384615384616
alternating,1,0.0625,63,130,26,18,18,RLE,86.15384615384616
alternating,1,0.0625,64,130,26,18,18,RLE,86.15384615384616
alternating,1,0.0625,65,130,26,18,18,RLE,86.15384615384616
alternating,1,0.0625,66,130,26,18,18,RLE,86.15384615384616
alternating,1,0.0625,67,130,26,18,18,RLE,86.15384615384616
alternating,1,0.0625,68,130,26,18,18,RLE,86.15384615384616
alternating,1,0.0625,69,130,26,18,18,RLE,86.15384615384616
alternating,1,0.0625,70,130,26,18,18,RLE,86.15384615384616
alternating,1,0.0625,71,130,26,18,18,RLE,86.15384615384616
alternating,1,0.0625,72,130,26,18,18,RLE,86.15384615384616
alternating,1,0.0625,73,130,26,18,18,RLE,86.15384615384616
alternating,1,0.0625,74,130,26,18,18,RLE,86.15384615384616
alternating,1,0.0625,75,130,26,18,18,RLE,86.15384615384616
alternating,1,0.0625,76,130,26,18,18,RLE,86.15384615384616
alternating,1,0.0625,77,130,26,18,18,RLE,86.15384615384616
alternating,1,0.0625,78,130,26,18,18,RLE,86.15384615384616
alternating,1,0.0625,79,130,26,18,18,RLE,86.15384615384616
alternating,1,0.0625,80,130,26,18,18,RLE,86.15384615384616
alternating,1,0.0625,81,130,26,18,18,RLE,86.15384615384616
alternating,1,0.0625,82,130,26,18,18,RLE,86.15384615384616
alternating,1,0.0625,83,130,26,18,18,RLE,86.15384615384616
alternating,1,0.0625,84,130,26,18,18,RLE,86.15384615384616
alternating,1,0.0625,85,130,26,18,18,RLE,86.15384615384616
alternating,1,0.0625,86,130,26,18,18,RLE,86.15384615384616
alternating,1,0.0625,87,130,26,18,18,RLE,86.15384615384616
alternating,1,0.0625,88,130,26,18,18,RLE,86.15384615384616
alternating,1,0.0625,89,130,26,18,18,RLE,86.15384615384616
alternating,1,0.0625,90,130,26,18,18,RLE,86.15384615384616
alternating,1,0.0625,91,130,26,18,18,RLE,86.15384615384616
alternating,1,0.0625,92,130,26,18,18,RLE,86.15384615384616
alternating,1,0.0625,93,130,26,18,18,RLE,86.15384615384616
alternating,1,0.0625,94,130,26,18,18,RLE,86.15384615384616
alternating,1,0.0625,95,130,26,18,18,RLE,86.15384615384616
alternating,1,0.0625,96,130,26,18,18,RLE,86.15384615384616
alternating,1,0.0625,97,130,26,18,18,RLE,86.15384615384616
alternating,1,0.0625,98,130,26,18,18,RLE,86.15384615384616
alternating,1,0.0625,99,130,26,18,18,RLE,86.15384615384616
alternating,2,0.125,0,130,34,30,30,RLE,76.92307692307692
alternating,2,0.125,1,130,34,30,30,RLE,76.92307692307692
alternating,2,0.125,2,130,34,30,30,RLE,76.92307692307692
alternating,2,0.125,3,130,34,30,30,RLE,76.92307692307692
alternating,2,0.125,4,130,34,30,30,RLE,76.92307692307692
alternating,2,0.125,5,130,34,30,30,RLE,76.92307692307692
alternating,2,0.125,6,130,34,30,30,RLE,76.92307692307692
alternating,2,0.125,7,130,34,30,30,RLE,76.92307692307692
alternating,2,0.125,8,130,34,30,30,RLE,76.92307692307692
alternating,2,0.125,9,130,34,30,30,RLE,76.92307692307692
alternating,2,0.125,10,130,34,30,30,RLE,76.92307692307692
alternating,2,0.125,11,130,34,30,30,RLE,76.92307692307692
alternating,2,0.125,12,130,34,30,30,RLE,76.92307692307692
alternating,2,0.125,13,130,34,30,30,RLE,76.92307692307692
alternating,2,0.125,14,130,34,30,30,RLE,76.92307692307692
alternating,2,0.125,15,130,34,30,30,RLE,76.92307692307692
alternating,2,0.125,16,130,34,30,30,RLE,76.92307692307692
alternating,2,0.125,17,130,34,30,30,RLE,76.92307692307692
alternating,2,0.125,18,130,34,30,30,RLE,76.92307692307692
alternating,2,0.125,19,130,34,30,30,RLE,76.92307692307692
alternating,2,0.125,20,130,34,30,30,RLE,76.92307692307692
alternating,2,0.125,21,130,34,30,30,RLE,76.92307692307692
alternating,2,0.125,22,130,34,30,30,RLE,76.92307692307692
alternating,2,0.125,23,130,34,30,30,RLE,76.92307692307692
alternating,2,0.125,24,130,34,30,30,RLE,76.92307692307692
alternating,2,0.125,25,130,34,30,30,RLE,76.92307692307692
alternating,2,0.125,26,130,34,30,30,RLE,76.92307692307692
alternating,2,0.125,27,130,34,30,30,RLE,76.92307692307692
alternating,2,0.125,28,130,34,30,30,RLE,76.92307692307692
alternating,2,0.125,29,130,34,30,30,RLE,76.92307692307692
alternating,2,0.125,30,130,34,30,30,RLE,76.92307692307692
alternating,2,0.125,31,130,34,30,30,RLE,76.92307692307692
alternating,2,0.125,32,130,34,30,30,RLE,76.92307692307692
alternating,2,0.125,33,130,34,30,30,RLE,76.92307692307692
alternating,2,0.125,34,130,34,30,30,RLE,76.92307692307692
alternating,2,0.125,35,130,34,30,30,RLE,76.92307692307692
alternating,2,0.125,36,130,34,30,30,RLE,76.92307692307692
alternating,2,0.125,37,130,34,30,30,RLE,76.92307692307692
alternating,2,0.125,38,130,34,30,30,RLE,76.92307692307692
alternating,2,0.125,39,130,34,30,30,RLE,76.92307692307692
alternating,2,0.125,40,130,34,30,30,RLE,76.92307692307692
alternating,2,0.125,41,130,34,30,30,RLE,76.92307692307692
alternating,2,0.125,42,130,34,30,30,RLE,76.92307692307692
alternating,2,0.125,43,130,34,30,30,RLE,76.92307692307692
alternating,2,0.125,44,130,34,30,30,RLE,76.92307692307692
alternating,2,0.125,45,130,34,30,30,RLE,76.92307692307692
alternating,2,0.125,46,130,34,30,30,RLE,76.92307692307692
alternating,2,0.125,47,130,34,30,30,RLE,76.92307692307692
alternating,2,0.125,48,130,34,30,30,RLE,76.92307692307692
alternating,2,0.125,49,130,34,30,30,RLE,76.92307692307692
alternating,2,0.125,50,130,34,30,30,RLE,76.92307692307692
alternating,2,0.125,51,130,34,30,30,RLE,76.92307692307692
alternating,2,0.125,52,130,34,30,30,RLE,76.92307692307692
alternating,2,0.125,53,130,34,30,30,RLE,76.92307692307692
alternating,2,0.125,54,130,34,30,30,RLE,76.92307692307692
alternating,2,0.125,55,130,34,30,30,RLE,76.92307692307692
alternating,2,0.125,56,130,34,30,30,RLE,76.92307692307692
alternating,2,0.125,57,130,34,30,30,RLE,76.92307692307692
alternating,2,0.125,58,130,34,30,30,RLE,76.92307692307692
alternating,2,0.125,59,130,34,30,30,RLE,76.92307692307692
alternating,2,0.125,60,130,34,30,30,RLE,76.92307692307692
alternating,2,0.125,61,130,34,30,30,RLE,76.92307692307692
alternating,2,0.125,62,130,34,30,30,RLE,76.92307692307692
alternating,2,0.125,63,130,34,30,30,RLE,76.92307692307692
alternating,2,0.125,64,130,34,30,30,RLE,76.92307692307692
alternating,2,0.125,65,130,34,30,30,RLE,76.92307692307692
alternating,2,0.125,66,130,34,30,30,RLE,76.92307692307692
alternating,2,0.125,67,130,34,30,30,RLE,76.92307692307692
alternating,2,0.125,68,130,34,30,30,RLE,76.92307692307692
alternating,2,0.125,69,130,34,30,30,RLE,76.92307692307692
alternating,2,0.125,70,130,34,30,30,RLE,76.92307692307692
alternating,2,0.125,71,130,34,30,30,RLE,76.92307692307692
alternating,2,0.125,72,130,34,30,30,RLE,76.92307692307692
alternating,2,0.125,73,130,34,30,30,RLE,76.92307692307692
alternating,2,0.125,74,130,34,30,30,RLE,76.92307692307692
alternating,2,0.125,75,130,34,30,30,RLE,76.92307692307692
alternating,2,0.125,76,130,34,30,30,RLE,76.92307692307692
alternating,2,0.125,77,130,34,30,30,RLE,76.92307692307692
alternating,2,0.125,78,130,34,30,30,RLE,76.92307692307692
alternating,2,0.125,79,130,34,30,30,RLE,76.92307692307692
alternating,2,0.125,80,130,34,30,30,RLE,76.92307692307692
alternating,2,0.125,81,130,34,30,30,RLE,76.92307692307692
alternating,2,0.125,82,130,34,30,30,RLE,76.92307692307692
alternating,2,0.125,83,130,34,30,30,RLE,76.92307692307692
alternating,2,0.125,84,130,34,30,30,RLE,76.92307692307692
alternating,2,0.125,85,130,34,30,30,RLE,76.92307692307692
alternating,2,0.125,86,130,34,30,30,RLE,76.92307692307692
alternating,2,0.125,87,130,34,30,30,RLE,76.92307692307692
alternating,2,0.125,88,130,34,30,30,RLE,76.92307692307692
alternating,2,0.125,89,130,34,30,30,RLE,76.92307692307692
alternating,2,0.125,90,130,34,30,30,RLE,76.92307692307692
alternating,2,0.125,91,130,34,30,30,RLE,76.92307692307692
alternating,2,0.125,92,130,34,30,30,RLE,76.92307692307692
alternating,2,0.125,93,130,34,30,30,RLE,76.92307692307692
alternating,2,0.125,94,130,34,30,30,RLE,76.92307692307692
alternating,2,0.125,95,130,34,30,30,RLE,76.92307692307692
alternating,2,0.125,96,130,34,30,30,RLE,76.92307692307692
alternating,2,0.125,97,130,34,30,30,RLE,76.92307692307692
alternating,2,0.125,98,130,34,30,30,RLE,76.92307692307692
alternating,2,0.125,99,130,34,30,30,RLE,76.92307692307692
alternating,3,0.1875,0,130,42,42,42,BITMAP,67.6923076923077
alternating,3,0.1875,1,130,42,42,42,BITMAP,67.6923076923077
alternating,3,0.1875,2,130,42,42,42,BITMAP,67.6923076923077
alternating,3,0.1875,3,130,42,42,42,BITMAP,67.6923076923077
alternating,3,0.1875,4,130,42,42,42,BITMAP,67.6923076923077
alternating,3,0.1875,5,130,42,42,42,BITMAP,67.6923076923077
alternating,3,0.1875,6,130,42,42,42,BITMAP,67.6923076923077
alternating,3,0.1875,7,130,42,42,42,BITMAP,67.6923076923077
alternating,3,0.1875,8,130,42,42,42,BITMAP,67.6923076923077
alternating,3,0.1875,9,130,42,42,42,BITMAP,67.6923076923077
alternating,3,0.1875,10,130,42,42,42,BITMAP,67.6923076923077
alternating,3,0.1875,11,130,42,42,42,BITMAP,67.6923076923077
alternating,3,0.1875,12,130,42,42,42,BITMAP,67.6923076923077
alternating,3,0.1875,13,130,42,42,42,BITMAP,67.6923076923077
alternating,3,0.1875,14,130,42,42,42,BITMAP,67.6923076923077
alternating,3,0.1875,15,130,42,42,42,BITMAP,67.6923076923077
alternating,3,0.1875,16,130,42,42,42,BITMAP,67.6923076923077
alternating,3,0.1875,17,130,42,42,42,BITMAP,67.6923076923077
alternating,3,0.1875,18,130,42,42,42,BITMAP,67.6923076923077
alternating,3,0.1875,19,130,42,42,42,BITMAP,67.6923076923077
alternating,3,0.1875,20,130,42,42,42,BITMAP,67.6923076923077
alternating,3,0.1875,21,130,42,42,42,BITMAP,67.6923076923077
alternating,3,0.1875,22,130,42,42,42,BITMAP,67.6923076923077
alternating,3,0.1875,23,130,42,42,42,BITMAP,67.6923076923077
alternating,3,0.1875,24,130,42,42,42,BITMAP,67.6923076923077
alternating,3,0.1875,25,130,42,42,42,BITMAP,67.6923076923077
alternating,3,0.1875,26,130,42,42,42,BITMAP,67.6923076923077
alternating,3,0.1875,27,130,42,42,42,BITMAP,67.6923076923077
alternating,3,0.1875,28,130,42,42,42,BITMAP,67.6923076923077
alternating,3,0.1875,29,130,42,42,42,BITMAP,67.6923076923077
alternating,3,0.1875,30,130,42,42,42,BITMAP,67.6923076923077
alternating,3,0.1875,31,130,42,42,42,BITMAP,67.6923076923077
alternating,3,0.1875,32,130,42,42,42,BITMAP,67.6923076923077
alternating,3,0.1875,33,130,42,42,42,BITMAP,67.6923076923077
alternating,3,0.1875,34,130,42,42,42,BITMAP,67.6923076923077
alternating,3,0.1875,35,130,42,42,42,BITMAP,67.6923076923077
alternating,3,0.1875,36,130,42,42,42,BITMAP,67.6923076923077
alternating,3,0.1875,37,130,42,42,42,BITMAP,67.6923076923077
alternating,3,0.1875,38,130,42,42,42,BITMAP,67.6923076923077
alternating,3,0.1875,39,130,42,42,42,BITMAP,67.6923076923077
alternating,3,0.1875,40,130,42,42,42,BITMAP,67.6923076923077
alternating,3,0.1875,41,130,42,42,42,BITMAP,67.6923076923077
alternating,3,0.1875,42,130,42,42,42,BITMAP,67.6923076923077
alternating,3,0.1875,43,130,42,42,42,BITMAP,67.6923076923077
alternating,3,0.1875,44,130,42,42,42,BITMAP,67.6923076923077
alternating,3,0.1875,45,130,42,42,42,BITMAP,67.6923076923077
alternating,3,0.1875,46,130,42,42,42,BITMAP,67.6923076923077
alternating,3,0.1875,47,130,42,42,42,BITMAP,67.6923076923077
alternating,3,0.1875,48,130,42,42,42,BITMAP,67.6923076923077
alternating,3,0.1875,49,130,42,42,42,BITMAP,67.6923076923077
alternating,3,0.1875,50,130,42,42,42,BITMAP,67.6923076923077
alternating,3,0.1875,51,130,42,42,42,BITMAP,67.6923076923077
alternating,3,0.1875,52,130,42,42,42,BITMAP,67.6923076923077
alternating,3,0.1875,53,130,42,42,42,BITMAP,67.6923076923077
alternating,3,0.1875,54,130,42,42,42,BITMAP,67.6923076923077
alternating,3,0.1875,55,130,42,42,42,BITMAP,67.6923076923077
alternating,3,0.1875,56,130,42,42,42,BITMAP,67.6923076923077
alternating,3,0.1875,57,130,42,42,42,BITMAP,67.6923076923077
alternating,3,0.1875,58,130,42,42,42,BITMAP,67.6923076923077
alternating,3,0.1875,59,130,42,42,42,BITMAP,67.6923076923077
alternating,3,0.1875,60,130,42,42,42,BITMAP,67.6923076923077
alternating,3,0.1875,61,130,42,42,42,BITMAP,67.6923076923077
alternating,3,0.1875,62,130,42,42,42,BITMAP,67.6923076923077
alternating,3,0.1875,63,130,42,42,42,BITMAP,67.6923076923077
alternating,3,0.1875,64,130,42,42,42,BITMAP,67.6923076923077
alternating,3,0.1875,65,130,42,42,42,BITMAP,67.6923076923077
alternating,3,0.1875,66,130,42,42,42,BITMAP,67.6923076923077
alternating,3,0.1875,67,130,42,42,42,BITMAP,67.6923076923077
alternating,3,0.1875,68,130,42,42,42,BITMAP,67.6923076923077
alternating,3,0.1875,69,130,42,42,42,BITMAP,67.6923076923077
alternating,3,0.1875,70,130,42,42,42,BITMAP,67.6923076923077
alternating,3,0.1875,71,130,42,42,42,BITMAP,67.6923076923077
alternating,3,0.1875,72,130,42,42,42,BITMAP,67.6923076923077
alternating,3,0.1875,73,130,42,42,42,BITMAP,67.6923076923077
alternating,3,0.1875,74,130,42,42,42,BITMAP,67.6923076923077
alternating,3,0.1875,75,130,42,42,42,BITMAP,67.6923076923077
alternating,3,0.1875,76,130,42,42,42,BITMAP,67.6923076923077
alternating,3,0.1875,77,130,42,42,42,BITMAP,67.6923076923077
alternating,3,0.1875,78,130,42,42,42,BITMAP,67.6923076923077
alternating,3,0.1875,79,130,42,42,42,BITMAP,67.6923076923077
alternating,3,0.1875,80,130,42,42,42,BITMAP,67.6923076923077
alternating,3,0.1875,81,130,42,42,42,BITMAP,67.6923076923077
alternating,3,0.1875,82,130,42,42,42,BITMAP,67.6923076923077
alternating,3,0.1875,83,130,42,42,42,BITMAP,67.6923076923077
alternating,3,0.1875,84,130,42,42,42,BITMAP,67.6923076923077
alternating,3,0.1875,85,130,42,42,42,BITMAP,67.6923076923077
alternating,3,0.1875,86,130,42,42,42,BITMAP,67.6923076923077
alternating,3,0.1875,87,130,42,42,42,BITMAP,67.6923076923077
alternating,3,0.1875,88,130,42,42,42,BITMAP,67.6923076923077
alternating,3,0.1875,89,130,42,42,42,BITMAP,67.6923076923077
alternating,3,0.1875,90,130,42,42,42,BITMAP,67.6923076923077
alternating,3,0.1875,91,130,42,42,42,BITMAP,67.6923076923077
alternating,3,0.1875,92,130,42,42,42,BITMAP,67.6923076923077
alternating,3,0.1875,93,130,42,42,42,BITMAP,67.6923076923077
alternating,3,0.1875,94,130,42,42,42,BITMAP,67.6923076923077
alternating,3,0.1875,95,130,42,42,42,BITMAP,67.6923076923077
alternating,3,0.1875,96,130,42,42,42,BITMAP,67.6923076923077
alternating,3,0.1875,97,130,42,42,42,BITMAP,67.6923076923077
alternating,3,0.1875,98,130,42,42,42,BITMAP,67.6923076923077
alternating,3,0.1875,99,130,42,42,42,BITMAP,67.6923076923077
alternating,4,0.25,0,130,50,54,50,BITMAP,61.53846153846154
alternating,4,0.25,1,130,50,54,50,BITMAP,61.53846153846154
alternating,4,0.25,2,130,50,54,50,BITMAP,61.53846153846154
alternating,4,0.25,3,130,50,54,50,BITMAP,61.53846153846154
alternating,4,0.25,4,130,50,54,50,BITMAP,61.53846153846154
alternating,4,0.25,5,130,50,54,50,BITMAP,61.53846153846154
alternating,4,0.25,6,130,50,54,50,BITMAP,61.53846153846154
alternating,4,0.25,7,130,50,54,50,BITMAP,61.53846153846154
alternating,4,0.25,8,130,50,54,50,BITMAP,61.53846153846154
alternating,4,0.25,9,130,50,54,50,BITMAP,61.53846153846154
alternating,4,0.25,10,130,50,54,50,BITMAP,61.53846153846154
alternating,4,0.25,11,130,50,54,50,BITMAP,61.53846153846154
alternating,4,0.25,12,130,50,54,50,BITMAP,61.53846153846154
alternating,4,0.25,13,130,50,54,50,BITMAP,61.53846153846154
alternating,4,0.25,14,130,50,54,50,BITMAP,61.53846153846154
alternating,4,0.25,15,130,50,54,50,BITMAP,61.53846153846154
alternating,4,0.25,16,130,50,54,50,BITMAP,61.53846153846154
alternating,4,0.25,17,130,50,54,50,BITMAP,61.53846153846154
alternating,4,0.25,18,130,50,54,50,BITMAP,61.53846153846154
alternating,4,0.25,19,130,50,54,50,BITMAP,61.53846153846154
alternating,4,0.25,20,130,50,54,50,BITMAP,61.53846153846154
alternating,4,0.25,21,130,50,54,50,BITMAP,61.53846153846154
alternating,4,0.25,22,130,50,54,50,BITMAP,61.53846153846154
alternating,4,0.25,23,130,50,54,50,BITMAP,61.53846153846154
alternating,4,0.25,24,130,50,54,50,BITMAP,61.53846153846154
alternating,4,0.25,25,130,50,54,50,BITMAP,61.53846153846154
alternating,4,0.25,26,130,50,54,50,BITMAP,61.53846153846154
alternating,4,0.25,27,130,50,54,50,BITMAP,61.53846153846154
alternating,4,0.25,28,130,50,54,50,BITMAP,61.53846153846154
alternating,4,0.25,29,130,50,54,50,BITMAP,61.53846153846154
alternating,4,0.25,30,130,50,54,50,BITMAP,61.53846153846154
alternating,4,0.25,31,130,50,54,50,BITMAP,61.53846153846154
alternating,4,0.25,32,130,50,54,50,BITMAP,61.53846153846154
alternating,4,0.25,33,130,50,54,50,BITMAP,61.53846153846154
alternating,4,0.25,34,130,50,54,50,BITMAP,61.53846153846154
alternating,4,0.25,35,130,50,54,50,BITMAP,61.53846153846154
alternating,4,0.25,36,130,50,54,50,BITMAP,61.53846153846154
alternating,4,0.25,37,130,50,54,50,BITMAP,61.53846153846154
alternating,4,0.25,38,130,50,54,50,BITMAP,61.53846153846154
alternating,4,0.25,39,130,50,54,50,BITMAP,61.53846153846154
alternating,4,0.25,40,130,50,54,50,BITMAP,61.53846153846154
alternating,4,0.25,41,130,50,54,50,BITMAP,61.53846153846154
alternating,4,0.25,42,130,50,54,50,BITMAP,61.53846153846154
alternating,4,0.25,43,130,50,54,50,BITMAP,61.53846153846154
alternating,4,0.25,44,130,50,54,50,BITMAP,61.53846153846154
alternating,4,0.25,45,130,50,54,50,BITMAP,61.53846153846154
alternating,4,0.25,46,130,50,54,50,BITMAP,61.53846153846154
alternating,4,0.25,47,130,50,54,50,BITMAP,61.53846153846154
alternating,4,0.25,48,130,50,54,50,BITMAP,61.53846153846154
alternating,4,0.25,49,130,50,54,50,BITMAP,61.53846153846154
alternating,4,0.25,50,130,50,54,50,BITMAP,61.53846153846154
alternating,4,0.25,51,130,50,54,50,BITMAP,61.53846153846154
alternating,4,0.25,52,130,50,54,50,BITMAP,61.53846153846154
alternating,4,0.25,53,130,50,54,50,BITMAP,61.53846153846154
alternating,4,0.25,54,130,50,54,50,BITMAP,61.53846153846154
alternating,4,0.25,55,130,50,54,50,BITMAP,61.53846153846154
alternating,4,0.25,56,130,50,54,50,BITMAP,61.53846153846154
alternating,4,0.25,57,130,50,54,50,BITMAP,61.53846153846154
alternating,4,0.25,58,130,50,54,50,BITMAP,61.53846153846154
alternating,4,0.25,59,130,50,54,50,BITMAP,61.53846153846154
alternating,4,0.25,60,130,50,54,50,BITMAP,61.53846153846154
alternating,4,0.25,61,130,50,54,50,BITMAP,61.53846153846154
alternating,4,0.25,62,130,50,54,50,BITMAP,61.53846153846154
alternating,4,0.25,63,130,50,54,50,BITMAP,61.53846153846154
alternating,4,0.25,64,130,50,54,50,BITMAP,61.53846153846154
alternating,4,0.25,65,130,50,54,50,BITMAP,61.53846153846154
alternating,4,0.25,66,130,50,54,50,BITMAP,61.53846153846154
alternating,4,0.25,67,130,50,54,50,BITMAP,61.53846153846154
alternating,4,0.25,68,130,50,54,50,BITMAP,61.53846153846154
alternating,4,0.25,69,130,50,54,50,BITMAP,61.53846153846154
alternating,4,0.25,70,130,50,54,50,BITMAP,61.53846153846154
alternating,4,0.25,71,130,50,54,50,BITMAP,61.53846153846154
alternating,4,0.25,72,130,50,54,50,BITMAP,61.53846153846154
alternating,4,0.25,73,130,50,54,50,BITMAP,61.53846153846154
alternating,4,0.25,74,130,50,54,50,BITMAP,61.53846153846154
alternating,4,0.25,75,130,50,54,50,BITMAP,61.53846153846154
alternating,4,0.25,76,130,50,54,50,BITMAP,61.53846153846154
alternating,4,0.25,77,130,50,54,50,BITMAP,61.53846153846154
alternating,4,0.25,78,130,50,54,50,BITMAP,61.53846153846154
alternating,4,0.25,79,130,50,54,50,BITMAP,61.53846153846154
alternating,4,0.25,80,130,50,54,50,BITMAP,61.53846153846154
alternating,4,0.25,81,130,50,54,50,BITMAP,61.53846153846154
alternating,4,0.25,82,130,50,54,50,BITMAP,61.53846153846154
alternating,4,0.25,83,130,50,54,50,BITMAP,61.53846153846154
alternating,4,0.25,84,130,50,54,50,BITMAP,61.53846153846154
alternating,4,0.25,85,130,50,54,50,BITMAP,61.53846153846154
alternating,4,0.25,86,130,50,54,50,BITMAP,61.53846153846154
alternating,4,0.25,87,130,50,54,50,BITMAP,61.53846153846154
alternating,4,0.25,88,130,50,54,50,BITMAP,61.53846153846154
alternating,4,0.25,89,130,50,54,50,BITMAP,61.53846153846154
alternating,4,0.25,90,130,50,54,50,BITMAP,61.53846153846154
alternating,4,0.25,91,130,50,54,50,BITMAP,61.53846153846154
alternating,4,0.25,92,130,50,54,50,BITMAP,61.53846153846154
alternating,4,0.25,93,130,50,54,50,BITMAP,61.53846153846154
alternating,4,0.25,94,130,50,54,50,BITMAP,61.53846153846154
alternating,4,0.25,95,130,50,54,50,BITMAP,61.53846153846154
alternating,4,0.25,96,130,50,54,50,BITMAP,61.53846153846154
alternating,4,0.25,97,130,50,54,50,BITMAP,61.53846153846154
alternating,4,0.25,98,130,50,54,50,BITMAP,61.53846153846154
alternating,4,0.25,99,130,50,54,50,BITMAP,61.53846153846154
alternating,5,0.3125,0,130,58,66,58,BITMAP,55.38461538461539
alternating,5,0.3125,1,130,58,66,58,BITMAP,55.38461538461539
alternating,5,0.3125,2,130,58,66,58,BITMAP,55.38461538461539
alternating,5,0.3125,3,130,58,66,58,BITMAP,55.38461538461539
alternating,5,0.3125,4,130,58,66,58,BITMAP,55.38461538461539
alternating,5,0.3125,5,130,58,66,58,BITMAP,55.38461538461539
alternating,5,0.3125,6,130,58,66,58,BITMAP,55.38461538461539
alternating,5,0.3125,7,130,58,66,58,BITMAP,55.38461538461539
alternating,5,0.3125,8,130,58,66,58,BITMAP,55.38461538461539
alternating,5,0.3125,9,130,58,66,58,BITMAP,55.38461538461539
alternating,5,0.3125,10,130,58,66,58,BITMAP,55.38461538461539
alternating,5,0.3125,11,130,58,66,58,BITMAP,55.38461538461539
alternating,5,0.3125,12,130,58,66,58,BITMAP,55.38461538461539
alternating,5,0.3125,13,130,58,66,58,BITMAP,55.38461538461539
alternating,5,0.3125,14,130,58,66,58,BITMAP,55.38461538461539
alternating,5,0.3125,15,130,58,66,58,BITMAP,55.38461538461539
alternating,5,0.3125,16,130,58,66,58,BITMAP,55.38461538461539
alternating,5,0.3125,17,130,58,66,58,BITMAP,55.38461538461539
alternating,5,0.3125,18,130,58,66,58,BITMAP,55.38461538461539
alternating,5,0.3125,19,130,58,66,58,BITMAP,55.38461538461539
alternating,5,0.3125,20,130,58,66,58,BITMAP,55.38461538461539
alternating,5,0.3125,21,130,58,66,58,BITMAP,55.38461538461539
alternating,5,0.3125,22,130,58,66,58,BITMAP,55.38461538461539
alternating,5,0.3125,23,130,58,66,58,BITMAP,55.38461538461539
alternating,5,0.3125,24,130,58,66,58,BITMAP,55.38461538461539
alternating,5,0.3125,25,130,58,66,58,BITMAP,55.38461538461539
alternating,5,0.3125,26,130,58,66,58,BITMAP,55.38461538461539
alternating,5,0.3125,27,130,58,66,58,BITMAP,55.38461538461539
alternating,5,0.3125,28,130,58,66,58,BITMAP,55.38461538461539
alternating,5,0.3125,29,130,58,66,58,BITMAP,55.38461538461539
alternating,5,0.3125,30,130,58,66,58,BITMAP,55.38461538461539
alternating,5,0.3125,31,130,58,66,58,BITMAP,55.38461538461539
alternating,5,0.3125,32,130,58,66,58,BITMAP,55.38461538461539
alternating,5,0.3125,33,130,58,66,58,BITMAP,55.38461538461539
alternating,5,0.3125,34,130,58,66,58,BITMAP,55.38461538461539
alternating,5,0.3125,35,130,58,66,58,BITMAP,55.38461538461539
alternating,5,0.3125,36,130,58,66,58,BITMAP,55.38461538461539
alternating,5,0.3125,37,130,58,66,58,BITMAP,55.38461538461539
alternating,5,0.3125,38,130,58,66,58,BITMAP,55.38461538461539
alternating,5,0.3125,39,130,58,66,58,BITMAP,55.38461538461539
alternating,5,0.3125,40,130,58,66,58,BITMAP,55.38461538461539
alternating,5,0.3125,41,130,58,66,58,BITMAP,55.38461538461539
alternating,5,0.3125,42,130,58,66,58,BITMAP,55.38461538461539
alternating,5,0.3125,43,130,58,66,58,BITMAP,55.38461538461539
alternating,5,0.3125,44,130,58,66,58,BITMAP,55.38461538461539
alternating,5,0.3125,45,130,58,66,58,BITMAP,55.38461538461539
alternating,5,0.3125,46,130,58,66,58,BITMAP,55.38461538461539
alternating,5,0.3125,47,130,58,66,58,BITMAP,55.38461538461539
alternating,5,0.3125,48,130,58,66,58,BITMAP,55.38461538461539
alternating,5,0.3125,49,130,58,66,58,BITMAP,55.38461538461539
alternating,5,0.3125,50,130,58,66,58,BITMAP,55.38461538461539
alternating,5,0.3125,51,130,58,66,58,BITMAP,55.38461538461539
alternating,5,0.3125,52,130,58,66,58,BITMAP,55.38461538461539
alternating,5,0.3125,53,130,58,66,58,BITMAP,55.38461538461539
alternating,5,0.3125,54,130,58,66,58,BITMAP,55.38461538461539
alternating,5,0.3125,55,130,58,66,58,BITMAP,55.38461538461539
alternating,5,0.3125,56,130,58,66,58,BITMAP,55.38461538461539
alternating,5,0.3125,57,130,58,66,58,BITMAP,55.38461538461539
alternating,5,0.3125,58,130,58,66,58,BITMAP,55.38461538461539
alternating,5,0.3125,59,130,58,66,58,BITMAP,55.38461538461539
alternating,5,0.3125,60,130,58,66,58,BITMAP,55.38461538461539
alternating,5,0.3125,61,130,58,66,58,BITMAP,55.38461538461539
alternating,5,0.3125,62,130,58,66,58,BITMAP,55.38461538461539
alternating,5,0.3125,63,130,58,66,58,BITMAP,55.38461538461539
alternating,5,0.3125,64,130,58,66,58,BITMAP,55.38461538461539
alternating,5,0.3125,65,130,58,66,58,BITMAP,55.38461538461539
alternating,5,0.3125,66,130,58,66,58,BITMAP,55.38461538461539
alternating,5,0.3125,67,130,58,66,58,BITMAP,55.38461538461539
alternating,5,0.3125,68,130,58,66,58,BITMAP,55.38461538461539
alternating,5,0.3125,69,130,58,66,58,BITMAP,55.38461538461539
alternating,5,0.3125,70,130,58,66,58,BITMAP,55.38461538461539
alternating,5,0.3125,71,130,58,66,58,BITMAP,55.38461538461539
alternating,5,0.3125,72,130,58,66,58,BITMAP,55.38461538461539
alternating,5,0.3125,73,130,58,66,58,BITMAP,55.38461538461539
alternating,5,0.3125,74,130,58,66,58,BITMAP,55.38461538461539
alternating,5,0.3125,75,130,58,66,58,BITMAP,55.38461538461539
alternating,5,0.3125,76,130,58,66,58,BITMAP,55.38461538461539
alternating,5,0.3125,77,130,58,66,58,BITMAP,55.38461538461539
alternating,5,0.3125,78,130,58,66,58,BITMAP,55.38461538461539
alternating,5,0.3125,79,130,58,66,58,BITMAP,55.38461538461539
alternating,5,0.3125,80,130,58,66,58,BITMAP,55.38461538461539
alternating,5,0.3125,81,130,58,66,58,BITMAP,55.38461538461539
alternating,5,0.3125,82,130,58,66,58,BITMAP,55.38461538461539
alternating,5,0.3125,83,130,58,66,58,BITMAP,55.38461538461539
alternating,5,0.3125,84,130,58,66,58,BITMAP,55.38461538461539
alternating,5,0.3125,85,130,58,66,58,BITMAP,55.38461538461539
alternating,5,0.3125,86,130,58,66,58,BITMAP,55.38461538461539
alternating,5,0.3125,87,130,58,66,58,BITMAP,55.38461538461539
alternating,5,0.3125,88,130,58,66,58,BITMAP,55.38461538461539
alternating,5,0.3125,89,130,58,66,58,BITMAP,55.38461538461539
alternating,5,0.3125,90,130,58,66,58,BITMAP,55.38461538461539
alternating,5,0.3125,91,130,58,66,58,BITMAP,55.38461538461539
alternating,5,0.3125,92,130,58,66,58,BITMAP,55.38461538461539
alternating,5,0.3125,93,130,58,66,58,BITMAP,55.38461538461539
alternating,5,0.3125,94,130,58,66,58,BITMAP,55.38461538461539
alternating,5,0.3125,95,130,58,66,58,BITMAP,55.38461538461539
alternating,5,0.3125,96,130,58,66,58,BITMAP,55.38461538461539
alternating,5,0.3125,97,130,58,66,58,BITMAP,55.38461538461539
alternating,5,0.3125,98,130,58,66,58,BITMAP,55.38461538461539
alternating,5,0.3125,99,130,58,66,58,BITMAP,55.38461538461539
alternating,6,0.375,0,130,66,78,66,BITMAP,49.23076923076923
alternating,6,0.375,1,130,66,78,66,BITMAP,49.23076923076923
alternating,6,0.375,2,130,66,78,66,BITMAP,49.23076923076923
alternating,6,0.375,3,130,66,78,66,BITMAP,49.23076923076923
alternating,6,0.375,4,130,66,78,66,BITMAP,49.23076923076923
alternating,6,0.375,5,130,66,78,66,BITMAP,49.23076923076923
alternating,6,0.375,6,130,66,78,66,BITMAP,49.23076923076923
alternating,6,0.375,7,130,66,78,66,BITMAP,49.23076923076923
alternating,6,0.375,8,130,66,78,66,BITMAP,49.23076923076923
alternating,6,0.375,9,130,66,78,66,BITMAP,49.23076923076923
alternating,6,0.375,10,130,66,78,66,BITMAP,49.23076923076923
alternating,6,0.375,11,130,66,78,66,BITMAP,49.23076923076923
alternating,6,0.375,12,130,66,78,66,BITMAP,49.23076923076923
alternating,6,0.375,13,130,66,78,66,BITMAP,49.23076923076923
alternating,6,0.375,14,130,66,78,66,BITMAP,49.23076923076923
alternating,6,0.375,15,130,66,78,66,BITMAP,49.23076923076923
alternating,6,0.375,16,130,66,78,66,BITMAP,49.23076923076923
alternating,6,0.375,17,130,66,78,66,BITMAP,49.23076923076923
alternating,6,0.375,18,130,66,78,66,BITMAP,49.23076923076923
alternating,6,0.375,19,130,66,78,66,BITMAP,49.23076923076923
alternating,6,0.375,20,130,66,78,66,BITMAP,49.23076923076923
alternating,6,0.375,21,130,66,78,66,BITMAP,49.23076923076923
alternating,6,0.375,22,130,66,78,66,BITMAP,49.23076923076923
alternating,6,0.375,23,130,66,78,66,BITMAP,49.23076923076923
alternating,6,0.375,24,130,66,78,66,BITMAP,49.23076923076923
alternating,6,0.375,25,130,66,78,66,BITMAP,49.23076923076923
alternating,6,0.375,26,130,66,78,66,BITMAP,49.23076923076923
alternating,6,0.375,27,130,66,78,66,BITMAP,49.23076923076923
alternating,6,0.375,28,130,66,78,66,BITMAP,49.23076923076923
alternating,6,0.375,29,130,66,78,66,BITMAP,49.23076923076923
alternating,6,0.375,30,130,66,78,66,BITMAP,49.23076923076923
alternating,6,0.375,31,130,66,78,66,BITMAP,49.23076923076923
alternating,6,0.375,32,130,66,78,66,BITMAP,49.23076923076923
alternating,6,0.375,33,130,66,78,66,BITMAP,49.23076923076923
alternating,6,0.375,34,130,66,78,66,BITMAP,49.23076923076923
alternating,6,0.375,35,130,66,78,66,BITMAP,49.23076923076923
alternating,6,0.375,36,130,66,78,66,BITMAP,49.23076923076923
alternating,6,0.375,37,130,66,78,66,BITMAP,49.23076923076923
alternating,6,0.375,38,130,66,78,66,BITMAP,49.23076923076923
alternating,6,0.375,39,130,66,78,66,BITMAP,49.23076923076923
alternating,6,0.375,40,130,66,78,66,BITMAP,49.23076923076923
alternating,6,0.375,41,130,66,78,66,BITMAP,49.23076923076923
alternating,6,0.375,42,130,66,78,66,BITMAP,49.23076923076923
alternating,6,0.375,43,130,66,78,66,BITMAP,49.23076923076923
alternating,6,0.375,44,130,66,78,66,BITMAP,49.23076923076923
alternating,6,0.375,45,130,66,78,66,BITMAP,49.23076923076923
alternating,6,0.375,46,130,66,78,66,BITMAP,49.23076923076923
alternating,6,0.375,47,130,66,78,66,BITMAP,49.23076923076923
alternating,6,0.375,48,130,66,78,66,BITMAP,49.23076923076923
alternating,6,0.375,49,130,66,78,66,BITMAP,49.23076923076923
alternating,6,0.375,50,130,66,78,66,BITMAP,49.23076923076923
alternating,6,0.375,51,130,66,78,66,BITMAP,49.23076923076923
alternating,6,0.375,52,130,66,78,66,BITMAP,49.23076923076923
alternating,6,0.375,53,130,66,78,66,BITMAP,49.23076923076923
alternating,6,0.375,54,130,66,78,66,BITMAP,49.23076923076923
alternating,6,0.375,55,130,66,78,66,BITMAP,49.23076923076923
alternating,6,0.375,56,130,66,78,66,BITMAP,49.23076923076923
alternating,6,0.375,57,130,66,78,66,BITMAP,49.23076923076923
alternating,6,0.375,58,130,66,78,66,BITMAP,49.23076923076923
alternating,6,0.375,59,130,66,78,66,BITMAP,49.23076923076923
alternating,6,0.375,60,130,66,78,66,BITMAP,49.23076923076923
alternating,6,0.375,61,130,66,78,66,BITMAP,49.23076923076923
alternating,6,0.375,62,130,66,78,66,BITMAP,49.23076923076923
alternating,6,0.375,63,130,66,78,66,BITMAP,49.23076923076923
alternating,6,0.375,64,130,66,78,66,BITMAP,49.23076923076923
alternating,6,0.375,65,130,66,78,66,BITMAP,49.23076923076923
alternating,6,0.375,66,130,66,78,66,BITMAP,49.23076923076923
alternating,6,0.375,67,130,66,78,66,BITMAP,49.23076923076923
alternating,6,0.375,68,130,66,78,66,BITMAP,49.23076923076923
alternating,6,0.375,69,130,66,78,66,BITMAP,49.23076923076923
alternating,6,0.375,70,130,66,78,66,BITMAP,49.23076923076923
alternating,6,0.375,71,130,66,78,66,BITMAP,49.23076923076923
alternating,6,0.375,72,130,66,78,66,BITMAP,49.23076923076923
alternating,6,0.375,73,130,66,78,66,BITMAP,49.23076923076923
alternating,6,0.375,74,130,66,78,66,BITMAP,49.23076923076923
alternating,6,0.375,75,130,66,78,66,BITMAP,49.23076923076923
alternating,6,0.375,76,130,66,78,66,BITMAP,49.23076923076923
alternating,6,0.375,77,130,66,78,66,BITMAP,49.23076923076923
alternating,6,0.375,78,130,66,78,66,BITMAP,49.23076923076923
alternating,6,0.375,79,130,66,78,66,BITMAP,49.23076923076923
alternating,6,0.375,80,130,66,78,66,BITMAP,49.23076923076923
alternating,6,0.375,81,130,66,78,66,BITMAP,49.23076923076923
alternating,6,0.375,82,130,66,78,66,BITMAP,49.23076923076923
alternating,6,0.375,83,130,66,78,66,BITMAP,49.23076923076923
alternating,6,0.375,84,130,66,78,66,BITMAP,49.23076923076923
alternating,6,0.375,85,130,66,78,66,BITMAP,49.23076923076923
alternating,6,0.375,86,130,66,78,66,BITMAP,49.23076923076923
alternating,6,0.375,87,130,66,78,66,BITMAP,49.23076923076923
alternating,6,0.375,88,130,66,78,66,BITMAP,49.23076923076923
alternating,6,0.375,89,130,66,78,66,BITMAP,49.23076923076923
alternating,6,0.375,90,130,66,78,66,BITMAP,49.23076923076923
alternating,6,0.375,91,130,66,78,66,BITMAP,49.23076923076923
alternating,6,0.375,92,130,66,78,66,BITMAP,49.23076923076923
alternating,6,0.375,93,130,66,78,66,BITMAP,49.23076923076923
alternating,6,0.375,94,130,66,78,66,BITMAP,49.23076923076923
alternating,6,0.375,95,130,66,78,66,BITMAP,49.23076923076923
alternating,6,0.375,96,130,66,78,66,BITMAP,49.23076923076923
alternating,6,0.375,97,130,66,78,66,BITMAP,49.23076923076923
alternating,6,0.375,98,130,66,78,66,BITMAP,49.23076923076923
alternating,6,0.375,99,130,66,78,66,BITMAP,49.23076923076923
alternating,7,0.4375,0,130,74,90,74,BITMAP,43.07692307692308
alternating,7,0.4375,1,130,74,90,74,BITMAP,43.07692307692308
alternating,7,0.4375,2,130,74,90,74,BITMAP,43.07692307692308
alternating,7,0.4375,3,130,74,90,74,BITMAP,43.07692307692308
alternating,7,0.4375,4,130,74,90,74,BITMAP,43.07692307692308
alternating,7,0.4375,5,130,74,90,74,BITMAP,43.07692307692308
alternating,7,0.4375,6,130,74,90,74,BITMAP,43.07692307692308
alternating,7,0.4375,7,130,74,90,74,BITMAP,43.07692307692308
alternating,7,0.4375,8,130,74,90,74,BITMAP,43.07692307692308
alternating,7,0.4375,9,130,74,90,74,BITMAP,43.07692307692308
alternating,7,0.4375,10,130,74,90,74,BITMAP,43.07692307692308
alternating,7,0.4375,11,130,74,90,74,BITMAP,43.07692307692308
alternating,7,0.4375,12,130,74,90,74,BITMAP,43.07692307692308
alternating,7,0.4375,13,130,74,90,74,BITMAP,43.07692307692308
alternating,7,0.4375,14,130,74,90,74,BITMAP,43.07692307692308
alternating,7,0.4375,15,130,74,90,74,BITMAP,43.07692307692308
alternating,7,0.4375,16,130,74,90,74,BITMAP,43.07692307692308
alternating,7,0.4375,17,130,74,90,74,BITMAP,43.07692307692308
alternating,7,0.4375,18,130,74,90,74,BITMAP,43.07692307692308
alternating,7,0.4375,19,130,74,90,74,BITMAP,43.07692307692308
alternating,7,0.4375,20,130,74,90,74,BITMAP,43.07692307692308
alternating,7,0.4375,21,130,74,90,74,BITMAP,43.07692307692308
alternating,7,0.4375,22,130,74,90,74,BITMAP,43.07692307692308
alternating,7,0.4375,23,130,74,90,74,BITMAP,43.07692307692308
alternating,7,0.4375,24,130,74,90,74,BITMAP,43.07692307692308
alternating,7,0.4375,25,130,74,90,74,BITMAP,43.07692307692308
alternating,7,0.4375,26,130,74,90,74,BITMAP,43.07692307692308
alternating,7,0.4375,27,130,74,90,74,BITMAP,43.07692307692308
alternating,7,0.4375,28,130,74,90,74,BITMAP,43.07692307692308
alternating,7,0.4375,29,130,74,90,74,BITMAP,43.07692307692308
alternating,7,0.4375,30,130,74,90,74,BITMAP,43.07692307692308
alternating,7,0.4375,31,130,74,90,74,BITMAP,43.07692307692308
alternating,7,0.4375,32,130,74,90,74,BITMAP,43.07692307692308
alternating,7,0.4375,33,130,74,90,74,BITMAP,43.07692307692308
alternating,7,0.4375,34,130,74,90,74,BITMAP,43.07692307692308
alternating,7,0.4375,35,130,74,90,74,BITMAP,43.07692307692308
alternating,7,0.4375,36,130,74,90,74,BITMAP,43.07692307692308
alternating,7,0.4375,37,130,74,90,74,BITMAP,43.07692307692308
alternating,7,0.4375,38,130,74,90,74,BITMAP,43.07692307692308
alternating,7,0.4375,39,130,74,90,74,BITMAP,43.07692307692308
alternating,7,0.4375,40,130,74,90,74,BITMAP,43.07692307692308
alternating,7,0.4375,41,130,74,90,74,BITMAP,43.07692307692308
alternating,7,0.4375,42,130,74,90,74,BITMAP,43.07692307692308
alternating,7,0.4375,43,130,74,90,74,BITMAP,43.07692307692308
alternating,7,0.4375,44,130,74,90,74,BITMAP,43.07692307692308
alternating,7,0.4375,45,130,74,90,74,BITMAP,43.07692307692308
alternating,7,0.4375,46,130,74,90,74,BITMAP,43.07692307692308
alternating,7,0.4375,47,130,74,90,74,BITMAP,43.07692307692308
alternating,7,0.4375,48,130,74,90,74,BITMAP,43.07692307692308
alternating,7,0.4375,49,130,74,90,74,BITMAP,43.07692307692308
alternating,7,0.4375,50,130,74,90,74,BITMAP,43.07692307692308
alternating,7,0.4375,51,130,74,90,74,BITMAP,43.07692307692308
alternating,7,0.4375,52,130,74,90,74,BITMAP,43.07692307692308
alternating,7,0.4375,53,130,74,90,74,BITMAP,43.07692307692308
alternating,7,0.4375,54,130,74,90,74,BITMAP,43.07692307692308
alternating,7,0.4375,55,130,74,90,74,BITMAP,43.07692307692308
alternating,7,0.4375,56,130,74,90,74,BITMAP,43.07692307692308
alternating,7,0.4375,57,130,74,90,74,BITMAP,43.07692307692308
alternating,7,0.4375,58,130,74,90,74,BITMAP,43.07692307692308
alternating,7,0.4375,59,130,74,90,74,BITMAP,43.07692307692308
alternating,7,0.4375,60,130,74,90,74,BITMAP,43.07692307692308
alternating,7,0.4375,61,130,74,90,74,BITMAP,43.07692307692308
alternating,7,0.4375,62,130,74,90,74,BITMAP,43.07692307692308
alternating,7,0.4375,63,130,74,90,74,BITMAP,43.07692307692308
alternating,7,0.4375,64,130,74,90,74,BITMAP,43.07692307692308
alternating,7,0.4375,65,130,74,90,74,BITMAP,43.07692307692308
alternating,7,0.4375,66,130,74,90,74,BITMAP,43.07692307692308
alternating,7,0.4375,67,130,74,90,74,BITMAP,43.07692307692308
alternating,7,0.4375,68,130,74,90,74,BITMAP,43.07692307692308
alternating,7,0.4375,69,130,74,90,74,BITMAP,43.07692307692308
alternating,7,0.4375,70,130,74,90,74,BITMAP,43.07692307692308
alternating,7,0.4375,71,130,74,90,74,BITMAP,43.07692307692308
alternating,7,0.4375,72,130,74,90,74,BITMAP,43.07692307692308
alternating,7,0.4375,73,130,74,90,74,BITMAP,43.07692307692308
alternating,7,0.4375,74,130,74,90,74,BITMAP,43.07692307692308
alternating,7,0.4375,75,130,74,90,74,BITMAP,43.07692307692308
alternating,7,0.4375,76,130,74,90,74,BITMAP,43.07692307692308
alternating,7,0.4375,77,130,74,90,74,BITMAP,43.07692307692308
alternating,7,0.4375,78,130,74,90,74,BITMAP,43.07692307692308
alternating,7,0.4375,79,130,74,90,74,BITMAP,43.07692307692308
alternating,7,0.4375,80,130,74,90,74,BITMAP,43.07692307692308
alternating,7,0.4375,81,130,74,90,74,BITMAP,43.07692307692308
alternating,7,0.4375,82,130,74,90,74,BITMAP,43.07692307692308
alternating,7,0.4375,83,130,74,90,74,BITMAP,43.07692307692308
alternating,7,0.4375,84,130,74,90,74,BITMAP,43.07692307692308
alternating,7,0.4375,85,130,74,90,74,BITMAP,43.07692307692308
alternating,7,0.4375,86,130,74,90,74,BITMAP,43.07692307692308
alternating,7,0.4375,87,130,74,90,74,BITMAP,43.07692307692308
alternating,7,0.4375,88,130,74,90,74,BITMAP,43.07692307692308
alternating,7,0.4375,89,130,74,90,74,BITMAP,43.07692307692308
alternating,7,0.4375,90,130,74,90,74,BITMAP,43.07692307692308
alternating,7,0.4375,91,130,74,90,74,BITMAP,43.07692307692308
alternating,7,0.4375,92,130,74,90,74,BITMAP,43.07692307692308
alternating,7,0.4375,93,130,74,90,74,BITMAP,43.07692307692308
alternating,7,0.4375,94,130,74,90,74,BITMAP,43.07692307692308
alternating,7,0.4375,95,130,74,90,74,BITMAP,43.07692307692308
alternating,7,0.4375,96,130,74,90,74,BITMAP,43.07692307692308
alternating,7,0.4375,97,130,74,90,74,BITMAP,43.07692307692308
alternating,7,0.4375,98,130,74,90,74,BITMAP,43.07692307692308
alternating,7,0.4375,99,130,74,90,74,BITMAP,43.07692307692308
alternating,8,0.5,0,130,82,102,82,BITMAP,36.92307692307692
alternating,8,0.5,1,130,82,102,82,BITMAP,36.92307692307692
alternating,8,0.5,2,130,82,102,82,BITMAP,36.92307692307692
alternating,8,0.5,3,130,82,102,82,BITMAP,36.92307692307692
alternating,8,0.5,4,130,82,102,82,BITMAP,36.92307692307692
alternating,8,0.5,5,130,82,102,82,BITMAP,36.92307692307692
alternating,8,0.5,6,130,82,102,82,BITMAP,36.92307692307692
alternating,8,0.5,7,130,82,102,82,BITMAP,36.92307692307692
alternating,8,0.5,8,130,82,102,82,BITMAP,36.92307692307692
alternating,8,0.5,9,130,82,102,82,BITMAP,36.92307692307692
alternating,8,0.5,10,130,82,102,82,BITMAP,36.92307692307692
alternating,8,0.5,11,130,82,102,82,BITMAP,36.92307692307692
alternating,8,0.5,12,130,82,102,82,BITMAP,36.92307692307692
alternating,8,0.5,13,130,82,102,82,BITMAP,36.92307692307692
alternating,8,0.5,14,130,82,102,82,BITMAP,36.92307692307692
alternating,8,0.5,15,130,82,102,82,BITMAP,36.92307692307692
alternating,8,0.5,16,130,82,102,82,BITMAP,36.92307692307692
alternating,8,0.5,17,130,82,102,82,BITMAP,36.92307692307692
alternating,8,0.5,18,130,82,102,82,BITMAP,36.92307692307692
alternating,8,0.5,19,130,82,102,82,BITMAP,36.92307692307692
alternating,8,0.5,20,130,82,102,82,BITMAP,36.92307692307692
alternating,8,0.5,21,130,82,102,82,BITMAP,36.92307692307692
alternating,8,0.5,22,130,82,102,82,BITMAP,36.92307692307692
alternating,8,0.5,23,130,82,102,82,BITMAP,36.92307692307692
alternating,8,0.5,24,130,82,102,82,BITMAP,36.92307692307692
alternating,8,0.5,25,130,82,102,82,BITMAP,36.92307692307692
alternating,8,0.5,26,130,82,102,82,BITMAP,36.92307692307692
alternating,8,0.5,27,130,82,102,82,BITMAP,36.92307692307692
alternating,8,0.5,28,130,82,102,82,BITMAP,36.92307692307692
alternating,8,0.5,29,130,82,102,82,BITMAP,36.92307692307692
alternating,8,0.5,30,130,82,102,82,BITMAP,36.92307692307692
alternating,8,0.5,31,130,82,102,82,BITMAP,36.92307692307692
alternating,8,0.5,32,130,82,102,82,BITMAP,36.92307692307692
alternating,8,0.5,33,130,82,102,82,BITMAP,36.92307692307692
alternating,8,0.5,34,130,82,102,82,BITMAP,36.92307692307692
alternating,8,0.5,35,130,82,102,82,BITMAP,36.92307692307692
alternating,8,0.5,36,130,82,102,82,BITMAP,36.92307692307692
alternating,8,0.5,37,130,82,102,82,BITMAP,36.92307692307692
alternating,8,0.5,38,130,82,102,82,BITMAP,36.92307692307692
alternating,8,0.5,39,130,82,102,82,BITMAP,36.92307692307692
alternating,8,0.5,40,130,82,102,82,BITMAP,36.92307692307692
alternating,8,0.5,41,130,82,102,82,BITMAP,36.92307692307692
alternating,8,0.5,42,130,82,102,82,BITMAP,36.92307692307692
alternating,8,0.5,43,130,82,102,82,BITMAP,36.92307692307692
alternating,8,0.5,44,130,82,102,82,BITMAP,36.92307692307692
alternating,8,0.5,45,130,82,102,82,BITMAP,36.92307692307692
alternating,8,0.5,46,130,82,102,82,BITMAP,36.92307692307692
alternating,8,0.5,47,130,82,102,82,BITMAP,36.92307692307692
alternating,8,0.5,48,130,82,102,82,BITMAP,36.92307692307692
alternating,8,0.5,49,130,82,102,82,BITMAP,36.92307692307692
alternating,8,0.5,50,130,82,102,82,BITMAP,36.92307692307692
alternating,8,0.5,51,130,82,102,82,BITMAP,36.92307692307692
alternating,8,0.5,52,130,82,102,82,BITMAP,36.92307692307692
alternating,8,0.5,53,130,82,102,82,BITMAP,36.92307692307692
alternating,8,0.5,54,130,82,102,82,BITMAP,36.92307692307692
alternating,8,0.5,55,130,82,102,82,BITMAP,36.92307692307692
alternating,8,0.5,56,130,82,102,82,BITMAP,36.92307692307692
alternating,8,0.5,57,130,82,102,82,BITMAP,36.92307692307692
alternating,8,0.5,58,130,82,102,82,BITMAP,36.92307692307692
alternating,8,0.5,59,130,82,102,82,BITMAP,36.92307692307692
alternating,8,0.5,60,130,82,102,82,BITMAP,36.92307692307692
alternating,8,0.5,61,130,82,102,82,BITMAP,36.92307692307692
alternating,8,0.5,62,130,82,102,82,BITMAP,36.92307692307692
alternating,8,0.5,63,130,82,102,82,BITMAP,36.92307692307692
alternating,8,0.5,64,130,82,102,82,BITMAP,36.92307692307692
alternating,8,0.5,65,130,82,102,82,BITMAP,36.92307692307692
alternating,8,0.5,66,130,82,102,82,BITMAP,36.92307692307692
alternating,8,0.5,67,130,82,102,82,BITMAP,36.92307692307692
alternating,8,0.5,68,130,82,102,82,BITMAP,36.92307692307692
alternating,8,0.5,69,130,82,102,82,BITMAP,36.92307692307692
alternating,8,0.5,70,130,82,102,82,BITMAP,36.92307692307692
alternating,8,0.5,71,130,82,102,82,BITMAP,36.92307692307692
alternating,8,0.5,72,130,82,102,82,BITMAP,36.92307692307692
alternating,8,0.5,73,130,82,102,82,BITMAP,36.92307692307692
alternating,8,0.5,74,130,82,102,82,BITMAP,36.92307692307692
alternating,8,0.5,75,130,82,102,82,BITMAP,36.92307692307692
alternating,8,0.5,76,130,82,102,82,BITMAP,36.92307692307692
alternating,8,0.5,77,130,82,102,82,BITMAP,36.92307692307692
alternating,8,0.5,78,130,82,102,82,BITMAP,36.92307692307692
alternating,8,0.5,79,130,82,102,82,BITMAP,36.92307692307692
alternating,8,0.5,80,130,82,102,82,BITMAP,36.92307692307692
alternating,8,0.5,81,130,82,102,82,BITMAP,36.92307692307692
alternating,8,0.5,82,130,82,102,82,BITMAP,36.92307692307692
alternating,8,0.5,83,130,82,102,82,BITMAP,36.92307692307692
alternating,8,0.5,84,130,82,102,82,BITMAP,36.92307692307692
alternating,8,0.5,85,130,82,102,82,BITMAP,36.92307692307692
alternating,8,0.5,86,130,82,102,82,BITMAP,36.92307692307692
alternating,8,0.5,87,130,82,102,82,BITMAP,36.92307692307692
alternating,8,0.5,88,130,82,102,82,BITMAP,36.92307692307692
alternating,8,0.5,89,130,82,102,82,BITMAP,36.92307692307692
alternating,8,0.5,90,130,82,102,82,BITMAP,36.92307692307692
alternating,8,0.5,91,130,82,102,82,BITMAP,36.92307692307692
alternating,8,0.5,92,130,82,102,82,BITMAP,36.92307692307692
alternating,8,0.5,93,130,82,102,82,BITMAP,36.92307692307692
alternating,8,0.5,94,130,82,102,82,BITMAP,36.92307692307692
alternating,8,0.5,95,130,82,102,82,BITMAP,36.92307692307692
alternating,8,0.5,96,130,82,102,82,BITMAP,36.92307692307692
alternating,8,0.5,97,130,82,102,82,BITMAP,36.92307692307692
alternating,8,0.5,98,130,82,102,82,BITMAP,36.92307692307692
alternating,8,0.5,99,130,82,102,82,BITMAP,36.92307692307692
alternating,9,0.5625,0,130,90,114,90,BITMAP,30.76923076923077
alternating,9,0.5625,1,130,90,114,90,BITMAP,30.76923076923077
alternating,9,0.5625,2,130,90,114,90,BITMAP,30.76923076923077
alternating,9,0.5625,3,130,90,114,90,BITMAP,30.76923076923077
alternating,9,0.5625,4,130,90,114,90,BITMAP,30.76923076923077
alternating,9,0.5625,5,130,90,114,90,BITMAP,30.76923076923077
alternating,9,0.5625,6,130,90,114,90,BITMAP,30.76923076923077
alternating,9,0.5625,7,130,90,114,90,BITMAP,30.76923076923077
alternating,9,0.5625,8,130,90,114,90,BITMAP,30.76923076923077
alternating,9,0.5625,9,130,90,114,90,BITMAP,30.76923076923077
alternating,9,0.5625,10,130,90,114,90,BITMAP,30.76923076923077
alternating,9,0.5625,11,130,90,114,90,BITMAP,30.76923076923077
alternating,9,0.5625,12,130,90,114,90,BITMAP,30.76923076923077
alternating,9,0.5625,13,130,90,114,90,BITMAP,30.76923076923077
alternating,9,0.5625,14,130,90,114,90,BITMAP,30.76923076923077
alternating,9,0.5625,15,130,90,114,90,BITMAP,30.76923076923077
alternating,9,0.5625,16,130,90,114,90,BITMAP,30.76923076923077
alternating,9,0.5625,17,130,90,114,90,BITMAP,30.76923076923077
alternating,9,0.5625,18,130,90,114,90,BITMAP,30.76923076923077
alternating,9,0.5625,19,130,90,114,90,BITMAP,30.76923076923077
alternating,9,0.5625,20,130,90,114,90,BITMAP,30.76923076923077
alternating,9,0.5625,21,130,90,114,90,BITMAP,30.76923076923077
alternating,9,0.5625,22,130,90,114,90,BITMAP,30.76923076923077
alternating,9,0.5625,23,130,90,114,90,BITMAP,30.76923076923077
alternating,9,0.5625,24,130,90,114,90,BITMAP,30.76923076923077
alternating,9,0.5625,25,130,90,114,90,BITMAP,30.76923076923077
alternating,9,0.5625,26,130,90,114,90,BITMAP,30.76923076923077
alternating,9,0.5625,27,130,90,114,90,BITMAP,30.76923076923077
alternating,9,0.5625,28,130,90,114,90,BITMAP,30.76923076923077
alternating,9,0.5625,29,130,90,114,90,BITMAP,30.76923076923077
alternating,9,0.5625,30,130,90,114,90,BITMAP,30.76923076923077
alternating,9,0.5625,31,130,90,114,90,BITMAP,30.76923076923077
alternating,9,0.5625,32,130,90,114,90,BITMAP,30.76923076923077
alternating,9,0.5625,33,130,90,114,90,BITMAP,30.76923076923077
alternating,9,0.5625,34,130,90,114,90,BITMAP,30.76923076923077
alternating,9,0.5625,35,130,90,114,90,BITMAP,30.76923076923077
alternating,9,0.5625,36,130,90,114,90,BITMAP,30.76923076923077
alternating,9,0.5625,37,130,90,114,90,BITMAP,30.76923076923077
alternating,9,0.5625,38,130,90,114,90,BITMAP,30.76923076923077
alternating,9,0.5625,39,130,90,114,90,BITMAP,30.76923076923077
alternating,9,0.5625,40,130,90,114,90,BITMAP,30.76923076923077
alternating,9,0.5625,41,130,90,114,90,BITMAP,30.76923076923077
alternating,9,0.5625,42,130,90,114,90,BITMAP,30.76923076923077
alternating,9,0.5625,43,130,90,114,90,BITMAP,30.76923076923077
alternating,9,0.5625,44,130,90,114,90,BITMAP,30.76923076923077
alternating,9,0.5625,45,130,90,114,90,BITMAP,30.76923076923077
alternating,9,0.5625,46,130,90,114,90,BITMAP,30.76923076923077
alternating,9,0.5625,47,130,90,114,90,BITMAP,30.76923076923077
alternating,9,0.5625,48,130,90,114,90,BITMAP,30.76923076923077
alternating,9,0.5625,49,130,90,114,90,BITMAP,30.76923076923077
alternating,9,0.5625,50,130,90,114,90,BITMAP,30.76923076923077
alternating,9,0.5625,51,130,90,114,90,BITMAP,30.76923076923077
alternating,9,0.5625,52,130,90,114,90,BITMAP,30.76923076923077
alternating,9,0.5625,53,130,90,114,90,BITMAP,30.76923076923077
alternating,9,0.5625,54,130,90,114,90,BITMAP,30.76923076923077
alternating,9,0.5625,55,130,90,114,90,BITMAP,30.76923076923077
alternating,9,0.5625,56,130,90,114,90,BITMAP,30.76923076923077
alternating,9,0.5625,57,130,90,114,90,BITMAP,30.76923076923077
alternating,9,0.5625,58,130,90,114,90,BITMAP,30.76923076923077
alternating,9,0.5625,59,130,90,114,90,BITMAP,30.76923076923077
alternating,9,0.5625,60,130,90,114,90,BITMAP,30.76923076923077
alternating,9,0.5625,61,130,90,114,90,BITMAP,30.76923076923077
alternating,9,0.5625,62,130,90,114,90,BITMAP,30.76923076923077
alternating,9,0.5625,63,130,90,114,90,BITMAP,30.76923076923077
alternating,9,0.5625,64,130,90,114,90,BITMAP,30.76923076923077
alternating,9,0.5625,65,130,90,114,90,BITMAP,30.76923076923077
alternating,9,0.5625,66,130,90,114,90,BITMAP,30.76923076923077
alternating,9,0.5625,67,130,90,114,90,BITMAP,30.76923076923077
alternating,9,0.5625,68,130,90,114,90,BITMAP,30.76923076923077
alternating,9,0.5625,69,130,90,114,90,BITMAP,30.76923076923077
alternating,9,0.5625,70,130,90,114,90,BITMAP,30.76923076923077
alternating,9,0.5625,71,130,90,114,90,BITMAP,30.76923076923077
alternating,9,0.5625,72,130,90,114,90,BITMAP,30.76923076923077
alternating,9,0.5625,73,130,90,114,90,BITMAP,30.76923076923077
alternating,9,0.5625,74,130,90,114,90,BITMAP,30.76923076923077
alternating,9,0.5625,75,130,90,114,90,BITMAP,30.76923076923077
alternating,9,0.5625,76,130,90,114,90,BITMAP,30.76923076923077
alternating,9,0.5625,77,130,90,114,90,BITMAP,30.76923076923077
alternating,9,0.5625,78,130,90,114,90,BITMAP,30.76923076923077
alternating,9,0.5625,79,130,90,114,90,BITMAP,30.76923076923077
alternating,9,0.5625,80,130,90,114,90,BITMAP,30.76923076923077
alternating,9,0.5625,81,130,90,114,90,BITMAP,30.76923076923077
alternating,9,0.5625,82,130,90,114,90,BITMAP,30.76923076923077
alternating,9,0.5625,83,130,90,114,90,BITMAP,30.76923076923077
alternating,9,0.5625,84,130,90,114,90,BITMAP,30.76923076923077
alternating,9,0.5625,85,130,90,114,90,BITMAP,30.76923076923077
alternating,9,0.5625,86,130,90,114,90,BITMAP,30.76923076923077
alternating,9,0.5625,87,130,90,114,90,BITMAP,30.76923076923077
alternating,9,0.5625,88,130,90,114,90,BITMAP,30.76923076923077
alternating,9,0.5625,89,130,90,114,90,BITMAP,30.76923076923077
alternating,9,0.5625,90,130,90,114,90,BITMAP,30.76923076923077
alternating,9,0.5625,91,130,90,114,90,BITMAP,30.76923076923077
alternating,9,0.5625,92,130,90,114,90,BITMAP,30.76923076923077
alternating,9,0.5625,93,130,90,114,90,BITMAP,30.76923076923077
alternating,9,0.5625,94,130,90,114,90,BITMAP,30.76923076923077
alternating,9,0.5625,95,130,90,114,90,BITMAP,30.76923076923077
alternating,9,0.5625,96,130,90,114,90,BITMAP,30.76923076923077
alternating,9,0.5625,97,130,90,114,90,BITMAP,30.76923076923077
alternating,9,0.5625,98,130,90,114,90,BITMAP,30.76923076923077
alternating,9,0.5625,99,130,90,114,90,BITMAP,30.76923076923077
alternating,10,0.625,0,130,98,126,98,BITMAP,24.615384615384617
alternating,10,0.625,1,130,98,126,98,BITMAP,24.615384615384617
alternating,10,0.625,2,130,98,126,98,BITMAP,24.615384615384617
alternating,10,0.625,3,130,98,126,98,BITMAP,24.615384615384617
alternating,10,0.625,4,130,98,126,98,BITMAP,24.615384615384617
alternating,10,0.625,5,130,98,126,98,BITMAP,24.615384615384617
alternating,10,0.625,6,130,98,126,98,BITMAP,24.615384615384617
alternating,10,0.625,7,130,98,126,98,BITMAP,24.615384615384617
alternating,10,0.625,8,130,98,126,98,BITMAP,24.615384615384617
alternating,10,0.625,9,130,98,126,98,BITMAP,24.615384615384617
alternating,10,0.625,10,130,98,126,98,BITMAP,24.615384615384617
alternating,10,0.625,11,130,98,126,98,BITMAP,24.615384615384617
alternating,10,0.625,12,130,98,126,98,BITMAP,24.615384615384617
alternating,10,0.625,13,130,98,126,98,BITMAP,24.615384615384617
alternating,10,0.625,14,130,98,126,98,BITMAP,24.615384615384617
alternating,10,0.625,15,130,98,126,98,BITMAP,24.615384615384617
alternating,10,0.625,16,130,98,126,98,BITMAP,24.615384615384617
alternating,10,0.625,17,130,98,126,98,BITMAP,24.615384615384617
alternating,10,0.625,18,130,98,126,98,BITMAP,24.615384615384617
alternating,10,0.625,19,130,98,126,98,BITMAP,24.615384615384617
alternating,10,0.625,20,130,98,126,98,BITMAP,24.615384615384617
alternating,10,0.625,21,130,98,126,98,BITMAP,24.615384615384617
alternating,10,0.625,22,130,98,126,98,BITMAP,24.615384615384617
alternating,10,0.625,23,130,98,126,98,BITMAP,24.615384615384617
alternating,10,0.625,24,130,98,126,98,BITMAP,24.615384615384617
alternating,10,0.625,25,130,98,126,98,BITMAP,24.615384615384617
alternating,10,0.625,26,130,98,126,98,BITMAP,24.615384615384617
alternating,10,0.625,27,130,98,126,98,BITMAP,24.615384615384617
alternating,10,0.625,28,130,98,126,98,BITMAP,24.615384615384617
alternating,10,0.625,29,130,98,126,98,BITMAP,24.615384615384617
alternating,10,0.625,30,130,98,126,98,BITMAP,24.615384615384617
alternating,10,0.625,31,130,98,126,98,BITMAP,24.615384615384617
alternating,10,0.625,32,130,98,126,98,BITMAP,24.615384615384617
alternating,10,0.625,33,130,98,126,98,BITMAP,24.615384615384617
alternating,10,0.625,34,130,98,126,98,BITMAP,24.615384615384617
alternating,10,0.625,35,130,98,126,98,BITMAP,24.615384615384617
alternating,10,0.625,36,130,98,126,98,BITMAP,24.615384615384617
alternating,10,0.625,37,130,98,126,98,BITMAP,24.615384615384617
alternating,10,0.625,38,130,98,126,98,BITMAP,24.615384615384617
alternating,10,0.625,39,130,98,126,98,BITMAP,24.615384615384617
alternating,10,0.625,40,130,98,126,98,BITMAP,24.615384615384617
alternating,10,0.625,41,130,98,126,98,BITMAP,24.615384615384617
alternating,10,0.625,42,130,98,126,98,BITMAP,24.615384615384617
alternating,10,0.625,43,130,98,126,98,BITMAP,24.615384615384617
alternating,10,0.625,44,130,98,126,98,BITMAP,24.615384615384617
alternating,10,0.625,45,130,98,126,98,BITMAP,24.615384615384617
alternating,10,0.625,46,130,98,126,98,BITMAP,24.615384615384617
alternating,10,0.625,47,130,98,126,98,BITMAP,24.615384615384617
alternating,10,0.625,48,130,98,126,98,BITMAP,24.615384615384617
alternating,10,0.625,49,130,98,126,98,BITMAP,24.615384615384617
alternating,10,0.625,50,130,98,126,98,BITMAP,24.615384615384617
alternating,10,0.625,51,130,98,126,98,BITMAP,24.615384615384617
alternating,10,0.625,52,130,98,126,98,BITMAP,24.615384615384617
alternating,10,0.625,53,130,98,126,98,BITMAP,24.615384615384617
alternating,10,0.625,54,130,98,126,98,BITMAP,24.615384615384617
alternating,10,0.625,55,130,98,126,98,BITMAP,24.615384615384617
alternating,10,0.625,56,130,98,126,98,BITMAP,24.615384615384617
alternating,10,0.625,57,130,98,126,98,BITMAP,24.615384615384617
alternating,10,0.625,58,130,98,126,98,BITMAP,24.615384615384617
alternating,10,0.625,59,130,98,126,98,BITMAP,24.615384615384617
alternating,10,0.625,60,130,98,126,98,BITMAP,24.615384615384617
alternating,10,0.625,61,130,98,126,98,BITMAP,24.615384615384617
alternating,10,0.625,62,130,98,126,98,BITMAP,24.615384615384617
alternating,10,0.625,63,130,98,126,98,BITMAP,24.615384615384617
alternating,10,0.625,64,130,98,126,98,BITMAP,24.615384615384617
alternating,10,0.625,65,130,98,126,98,BITMAP,24.615384615384617
alternating,10,0.625,66,130,98,126,98,BITMAP,24.615384615384617
alternating,10,0.625,67,130,98,126,98,BITMAP,24.615384615384617
alternating,10,0.625,68,130,98,126,98,BITMAP,24.615384615384617
alternating,10,0.625,69,130,98,126,98,BITMAP,24.615384615384617
alternating,10,0.625,70,130,98,126,98,BITMAP,24.615384615384617
alternating,10,0.625,71,130,98,126,98,BITMAP,24.615384615384617
alternating,10,0.625,72,130,98,126,98,BITMAP,24.615384615384617
alternating,10,0.625,73,130,98,126,98,BITMAP,24.615384615384617
alternating,10,0.625,74,130,98,126,98,BITMAP,24.615384615384617
alternating,10,0.625,75,130,98,126,98,BITMAP,24.615384615384617
alternating,10,0.625,76,130,98,126,98,BITMAP,24.615384615384617
alternating,10,0.625,77,130,98,126,98,BITMAP,24.615384615384617
alternating,10,0.625,78,130,98,126,98,BITMAP,24.615384615384617
alternating,10,0.625,79,130,98,126,98,BITMAP,24.615384615384617
alternating,10,0.625,80,130,98,126,98,BITMAP,24.615384615384617
alternating,10,0.625,81,130,98,126,98,BITMAP,24.615384615384617
alternating,10,0.625,82,130,98,126,98,BITMAP,24.615384615384617
alternating,10,0.625,83,130,98,126,98,BITMAP,24.615384615384617
alternating,10,0.625,84,130,98,126,98,BITMAP,24.615384615384617
alternating,10,0.625,85,130,98,126,98,BITMAP,24.615384615384617
alternating,10,0.625,86,130,98,126,98,BITMAP,24.615384615384617
alternating,10,0.625,87,130,98,126,98,BITMAP,24.615384615384617
alternating,10,0.625,88,130,98,126,98,BITMAP,24.615384615384617
alternating,10,0.625,89,130,98,126,98,BITMAP,24.615384615384617
alternating,10,0.625,90,130,98,126,98,BITMAP,24.615384615384617
alternating,10,0.625,91,130,98,126,98,BITMAP,24.615384615384617
alternating,10,0.625,92,130,98,126,98,BITMAP,24.615384615384617
alternating,10,0.625,93,130,98,126,98,BITMAP,24.615384615384617
alternating,10,0.625,94,130,98,126,98,BITMAP,24.615384615384617
alternating,10,0.625,95,130,98,126,98,BITMAP,24.615384615384617
alternating,10,0.625,96,130,98,126,98,BITMAP,24.615384615384617
alternating,10,0.625,97,130,98,126,98,BITMAP,24.615384615384617
alternating,10,0.625,98,130,98,126,98,BITMAP,24.615384615384617
alternating,10,0.625,99,130,98,126,98,BITMAP,24.615384615384617
alternating,11,0.6875,0,130,106,138,106,BITMAP,18.46153846153846
alternating,11,0.6875,1,130,106,138,106,BITMAP,18.46153846153846
alternating,11,0.6875,2,130,106,138,106,BITMAP,18.46153846153846
alternating,11,0.6875,3,130,106,138,106,BITMAP,18.46153846153846
alternating,11,0.6875,4,130,106,138,106,BITMAP,18.46153846153846
alternating,11,0.6875,5,130,106,138,106,BITMAP,18.46153846153846
alternating,11,0.6875,6,130,106,138,106,BITMAP,18.46153846153846
alternating,11,0.6875,7,130,106,138,106,BITMAP,18.46153846153846
alternating,11,0.6875,8,130,106,138,106,BITMAP,18.46153846153846
alternating,11,0.6875,9,130,106,138,106,BITMAP,18.46153846153846
alternating,11,0.6875,10,130,106,138,106,BITMAP,18.46153846153846
alternating,11,0.6875,11,130,106,138,106,BITMAP,18.46153846153846
alternating,11,0.6875,12,130,106,138,106,BITMAP,18.46153846153846
alternating,11,0.6875,13,130,106,138,106,BITMAP,18.46153846153846
alternating,11,0.6875,14,130,106,138,106,BITMAP,18.46153846153846
alternating,11,0.6875,15,130,106,138,106,BITMAP,18.46153846153846
alternating,11,0.6875,16,130,106,138,106,BITMAP,18.46153846153846
alternating,11,0.6875,17,130,106,138,106,BITMAP,18.46153846153846
alternating,11,0.6875,18,130,106,138,106,BITMAP,18.46153846153846
alternating,11,0.6875,19,130,106,138,106,BITMAP,18.46153846153846
alternating,11,0.6875,20,130,106,138,106,BITMAP,18.46153846153846
alternating,11,0.6875,21,130,106,138,106,BITMAP,18.46153846153846
alternating,11,0.6875,22,130,106,138,106,BITMAP,18.46153846153846
alternating,11,0.6875,23,130,106,138,106,BITMAP,18.46153846153846
alternating,11,0.6875,24,130,106,138,106,BITMAP,18.46153846153846
alternating,11,0.6875,25,130,106,138,106,BITMAP,18.46153846153846
alternating,11,0.6875,26,130,106,138,106,BITMAP,18.46153846153846
alternating,11,0.6875,27,130,106,138,106,BITMAP,18.46153846153846
alternating,11,0.6875,28,130,106,138,106,BITMAP,18.46153846153846
alternating,11,0.6875,29,130,106,138,106,BITMAP,18.46153846153846
alternating,11,0.6875,30,130,106,138,106,BITMAP,18.46153846153846
alternating,11,0.6875,31,130,106,138,106,BITMAP,18.46153846153846
alternating,11,0.6875,32,130,106,138,106,BITMAP,18.46153846153846
alternating,11,0.6875,33,130,106,138,106,BITMAP,18.46153846153846
alternating,11,0.6875,34,130,106,138,106,BITMAP,18.46153846153846
alternating,11,0.6875,35,130,106,138,106,BITMAP,18.46153846153846
alternating,11,0.6875,36,130,106,138,106,BITMAP,18.46153846153846
alternating,11,0.6875,37,130,106,138,106,BITMAP,18.46153846153846
alternating,11,0.6875,38,130,106,138,106,BITMAP,18.46153846153846
alternating,11,0.6875,39,130,106,138,106,BITMAP,18.46153846153846
alternating,11,0.6875,40,130,106,138,106,BITMAP,18.46153846153846
alternating,11,0.6875,41,130,106,138,106,BITMAP,18.46153846153846
alternating,11,0.6875,42,130,106,138,106,BITMAP,18.46153846153846
alternating,11,0.6875,43,130,106,138,106,BITMAP,18.46153846153846
alternating,11,0.6875,44,130,106,138,106,BITMAP,18.46153846153846
alternating,11,0.6875,45,130,106,138,106,BITMAP,18.46153846153846
alternating,11,0.6875,46,130,106,138,106,BITMAP,18.46153846153846
alternating,11,0.6875,47,130,106,138,106,BITMAP,18.46153846153846
alternating,11,0.6875,48,130,106,138,106,BITMAP,18.46153846153846
alternating,11,0.6875,49,130,106,138,106,BITMAP,18.46153846153846
alternating,11,0.6875,50,130,106,138,106,BITMAP,18.46153846153846
alternating,11,0.6875,51,130,106,138,106,BITMAP,18.46153846153846
alternating,11,0.6875,52,130,106,138,106,BITMAP,18.46153846153846
alternating,11,0.6875,53,130,106,138,106,BITMAP,18.46153846153846
alternating,11,0.6875,54,130,106,138,106,BITMAP,18.46153846153846
alternating,11,0.6875,55,130,106,138,106,BITMAP,18.46153846153846
alternating,11,0.6875,56,130,106,138,106,BITMAP,18.46153846153846
alternating,11,0.6875,57,130,106,138,106,BITMAP,18.46153846153846
alternating,11,0.6875,58,130,106,138,106,BITMAP,18.46153846153846
alternating,11,0.6875,59,130,106,138,106,BITMAP,18.46153846153846
alternating,11,0.6875,60,130,106,138,106,BITMAP,18.46153846153846
alternating,11,0.6875,61,130,106,138,106,BITMAP,18.46153846153846
alternating,11,0.6875,62,130,106,138,106,BITMAP,18.46153846153846
alternating,11,0.6875,63,130,106,138,106,BITMAP,18.46153846153846
alternating,11,0.6875,64,130,106,138,106,BITMAP,18.46153846153846
alternating,11,0.6875,65,130,106,138,106,BITMAP,18.46153846153846
alternating,11,0.6875,66,130,106,138,106,BITMAP,18.46153846153846
alternating,11,0.6875,67,130,106,138,106,BITMAP,18.46153846153846
alternating,11,0.6875,68,130,106,138,106,BITMAP,18.46153846153846
alternating,11,0.6875,69,130,106,138,106,BITMAP,18.46153846153846
alternating,11,0.6875,70,130,106,138,106,BITMAP,18.46153846153846
alternating,11,0.6875,71,130,106,138,106,BITMAP,18.46153846153846
alternating,11,0.6875,72,130,106,138,106,BITMAP,18.46153846153846
alternating,11,0.6875,73,130,106,138,106,BITMAP,18.46153846153846
alternating,11,0.6875,74,130,106,138,106,BITMAP,18.46153846153846
alternating,11,0.6875,75,130,106,138,106,BITMAP,18.46153846153846
alternating,11,0.6875,76,130,106,138,106,BITMAP,18.46153846153846
alternating,11,0.6875,77,130,106,138,106,BITMAP,18.46153846153846
alternating,11,0.6875,78,130,106,138,106,BITMAP,18.46153846153846
alternating,11,0.6875,79,130,106,138,106,BITMAP,18.46153846153846
alternating,11,0.6875,80,130,106,138,106,BITMAP,18.46153846153846
alternating,11,0.6875,81,130,106,138,106,BITMAP,18.46153846153846
alternating,11,0.6875,82,130,106,138,106,BITMAP,18.46153846153846
alternating,11,0.6875,83,130,106,138,106,BITMAP,18.46153846153846
alternating,11,0.6875,84,130,106,138,106,BITMAP,18.46153846153846
alternating,11,0.6875,85,130,106,138,106,BITMAP,18.46153846153846
alternating,11,0.6875,86,130,106,138,106,BITMAP,18.46153846153846
alternating,11,0.6875,87,130,106,138,106,BITMAP,18.46153846153846
alternating,11,0.6875,88,130,106,138,106,BITMAP,18.46153846153846
alternating,11,0.6875,89,130,106,138,106,BITMAP,18.46153846153846
alternating,11,0.6875,90,130,106,138,106,BITMAP,18.46153846153846
alternating,11,0.6875,91,130,106,138,106,BITMAP,18.46153846153846
alternating,11,0.6875,92,130,106,138,106,BITMAP,18.46153846153846
alternating,11,0.6875,93,130,106,138,106,BITMAP,18.46153846153846
alternating,11,0.6875,94,130,106,138,106,BITMAP,18.46153846153846
alternating,11,0.6875,95,130,106,138,106,BITMAP,18.46153846153846
alternating,11,0.6875,96,130,106,138,106,BITMAP,18.46153846153846
alternating,11,0.6875,97,130,106,138,106,BITMAP,18.46153846153846
alternating,11,0.6875,98,130,106,138,106,BITMAP,18.46153846153846
alternating,11,0.6875,99,130,106,138,106,BITMAP,18.46153846153846
alternating,12,0.75,0,130,114,150,114,BITMAP,12.307692307692308
alternating,12,0.75,1,130,114,150,114,BITMAP,12.307692307692308
alternating,12,0.75,2,130,114,150,114,BITMAP,12.307692307692308
alternating,12,0.75,3,130,114,150,114,BITMAP,12.307692307692308
alternating,12,0.75,4,130,114,150,114,BITMAP,12.307692307692308
alternating,12,0.75,5,130,114,150,114,BITMAP,12.307692307692308
alternating,12,0.75,6,130,114,150,114,BITMAP,12.307692307692308
alternating,12,0.75,7,130,114,150,114,BITMAP,12.307692307692308
alternating,12,0.75,8,130,114,150,114,BITMAP,12.307692307692308
alternating,12,0.75,9,130,114,150,114,BITMAP,12.307692307692308
alternating,12,0.75,10,130,114,150,114,BITMAP,12.307692307692308
alternating,12,0.75,11,130,114,150,114,BITMAP,12.307692307692308
alternating,12,0.75,12,130,114,150,114,BITMAP,12.307692307692308
alternating,12,0.75,13,130,114,150,114,BITMAP,12.307692307692308
alternating,12,0.75,14,130,114,150,114,BITMAP,12.307692307692308
alternating,12,0.75,15,130,114,150,114,BITMAP,12.307692307692308
alternating,12,0.75,16,130,114,150,114,BITMAP,12.307692307692308
alternating,12,0.75,17,130,114,150,114,BITMAP,12.307692307692308
alternating,12,0.75,18,130,114,150,114,BITMAP,12.307692307692308
alternating,12,0.75,19,130,114,150,114,BITMAP,12.307692307692308
alternating,12,0.75,20,130,114,150,114,BITMAP,12.307692307692308
alternating,12,0.75,21,130,114,150,114,BITMAP,12.307692307692308
alternating,12,0.75,22,130,114,150,114,BITMAP,12.307692307692308
alternating,12,0.75,23,130,114,150,114,BITMAP,12.307692307692308
alternating,12,0.75,24,130,114,150,114,BITMAP,12.307692307692308
alternating,12,0.75,25,130,114,150,114,BITMAP,12.307692307692308
alternating,12,0.75,26,130,114,150,114,BITMAP,12.307692307692308
alternating,12,0.75,27,130,114,150,114,BITMAP,12.307692307692308
alternating,12,0.75,28,130,114,150,114,BITMAP,12.307692307692308
alternating,12,0.75,29,130,114,150,114,BITMAP,12.307692307692308
alternating,12,0.75,30,130,114,150,114,BITMAP,12.307692307692308
alternating,12,0.75,31,130,114,150,114,BITMAP,12.307692307692308
alternating,12,0.75,32,130,114,150,114,BITMAP,12.307692307692308
alternating,12,0.75,33,130,114,150,114,BITMAP,12.307692307692308
alternating,12,0.75,34,130,114,150,114,BITMAP,12.307692307692308
alternating,12,0.75,35,130,114,150,114,BITMAP,12.307692307692308
alternating,12,0.75,36,130,114,150,114,BITMAP,12.307692307692308
alternating,12,0.75,37,130,114,150,114,BITMAP,12.307692307692308
alternating,12,0.75,38,130,114,150,114,BITMAP,12.307692307692308
alternating,12,0.75,39,130,114,150,114,BITMAP,12.307692307692308
alternating,12,0.75,40,130,114,150,114,BITMAP,12.307692307692308
alternating,12,0.75,41,130,114,150,114,BITMAP,12.307692307692308
alternating,12,0.75,42,130,114,150,114,BITMAP,12.307692307692308
alternating,12,0.75,43,130,114,150,114,BITMAP,12.307692307692308
alternating,12,0.75,44,130,114,150,114,BITMAP,12.307692307692308
alternating,12,0.75,45,130,114,150,114,BITMAP,12.307692307692308
alternating,12,0.75,46,130,114,150,114,BITMAP,12.307692307692308
alternating,12,0.75,47,130,114,150,114,BITMAP,12.307692307692308
alternating,12,0.75,48,130,114,150,114,BITMAP,12.307692307692308
alternating,12,0.75,49,130,114,150,114,BITMAP,12.307692307692308
alternating,12,0.75,50,130,114,150,114,BITMAP,12.307692307692308
alternating,12,0.75,51,130,114,150,114,BITMAP,12.307692307692308
alternating,12,0.75,52,130,114,150,114,BITMAP,12.307692307692308
alternating,12,0.75,53,130,114,150,114,BITMAP,12.307692307692308
alternating,12,0.75,54,130,114,150,114,BITMAP,12.307692307692308
alternating,12,0.75,55,130,114,150,114,BITMAP,12.307692307692308
alternating,12,0.75,56,130,114,150,114,BITMAP,12.307692307692308
alternating,12,0.75,57,130,114,150,114,BITMAP,12.307692307692308
alternating,12,0.75,58,130,114,150,114,BITMAP,12.307692307692308
alternating,12,0.75,59,130,114,150,114,BITMAP,12.307692307692308
alternating,12,0.75,60,130,114,150,114,BITMAP,12.307692307692308
alternating,12,0.75,61,130,114,150,114,BITMAP,12.307692307692308
alternating,12,0.75,62,130,114,150,114,BITMAP,12.307692307692308
alternating,12,0.75,63,130,114,150,114,BITMAP,12.307692307692308
alternating,12,0.75,64,130,114,150,114,BITMAP,12.307692307692308
alternating,12,0.75,65,130,114,150,114,BITMAP,12.307692307692308
alternating,12,0.75,66,130,114,150,114,BITMAP,12.307692307692308
alternating,12,0.75,67,130,114,150,114,BITMAP,12.307692307692308
alternating,12,0.75,68,130,114,150,114,BITMAP,12.307692307692308
alternating,12,0.75,69,130,114,150,114,BITMAP,12.307692307692308
alternating,12,0.75,70,130,114,150,114,BITMAP,12.307692307692308
alternating,12,0.75,71,130,114,150,114,BITMAP,12.307692307692308
alternating,12,0.75,72,130,114,150,114,BITMAP,12.307692307692308
alternating,12,0.75,73,130,114,150,114,BITMAP,12.307692307692308
alternating,12,0.75,74,130,114,150,114,BITMAP,12.307692307692308
alternating,12,0.75,75,130,114,150,114,BITMAP,12.307692307692308
alternating,12,0.75,76,130,114,150,114,BITMAP,12.307692307692308
alternating,12,0.75,77,130,114,150,114,BITMAP,12.307692307692308
alternating,12,0.75,78,130,114,150,114,BITMAP,12.307692307692308
alternating,12,0.75,79,130,114,150,114,BITMAP,12.307692307692308
alternating,12,0.75,80,130,114,150,114,BITMAP,12.307692307692308
alternating,12,0.75,81,130,114,150,114,BITMAP,12.307692307692308
alternating,12,0.75,82,130,114,150,114,BITMAP,12.307692307692308
alternating,12,0.75,83,130,114,150,114,BITMAP,12.307692307692308
alternating,12,0.75,84,130,114,150,114,BITMAP,12.307692307692308
alternating,12,0.75,85,130,114,150,114,BITMAP,12.307692307692308
alternating,12,0.75,86,130,114,150,114,BITMAP,12.307692307692308
alternating,12,0.75,87,130,114,150,114,BITMAP,12.307692307692308
alternating,12,0.75,88,130,114,150,114,BITMAP,12.307692307692308
alternating,12,0.75,89,130,114,150,114,BITMAP,12.307692307692308
alternating,12,0.75,90,130,114,150,114,BITMAP,12.307692307692308
alternating,12,0.75,91,130,114,150,114,BITMAP,12.307692307692308
alternating,12,0.75,92,130,114,150,114,BITMAP,12.307692307692308
alternating,12,0.75,93,130,114,150,114,BITMAP,12.307692307692308
alternating,12,0.75,94,130,114,150,114,BITMAP,12.307692307692308
alternating,12,0.75,95,130,114,150,114,BITMAP,12.307692307692308
alternating,12,0.75,96,130,114,150,114,BITMAP,12.307692307692308
alternating,12,0.75,97,130,114,150,114,BITMAP,12.307692307692308
alternating,12,0.75,98,130,114,150,114,BITMAP,12.307692307692308
alternating,12,0.75,99,130,114,150,114,BITMAP,12.307692307692308
alternating,13,0.8125,0,130,122,162,122,BITMAP,6.153846153846154
alternating,13,0.8125,1,130,122,162,122,BITMAP,6.153846153846154
alternating,13,0.8125,2,130,122,162,122,BITMAP,6.153846153846154
alternating,13,0.8125,3,130,122,162,122,BITMAP,6.153846153846154
alternating,13,0.8125,4,130,122,162,122,BITMAP,6.153846153846154
alternating,13,0.8125,5,130,122,162,122,BITMAP,6.153846153846154
alternating,13,0.8125,6,130,122,162,122,BITMAP,6.153846153846154
alternating,13,0.8125,7,130,122,162,122,BITMAP,6.153846153846154
alternating,13,0.8125,8,130,122,162,122,BITMAP,6.153846153846154
alternating,13,0.8125,9,130,122,162,122,BITMAP,6.153846153846154
alternating,13,0.8125,10,130,122,162,122,BITMAP,6.153846153846154
alternating,13,0.8125,11,130,122,162,122,BITMAP,6.153846153846154
alternating,13,0.8125,12,130,122,162,122,BITMAP,6.153846153846154
alternating,13,0.8125,13,130,122,162,122,BITMAP,6.153846153846154
alternating,13,0.8125,14,130,122,162,122,BITMAP,6.153846153846154
alternating,13,0.8125,15,130,122,162,122,BITMAP,6.153846153846154
alternating,13,0.8125,16,130,122,162,122,BITMAP,6.153846153846154
alternating,13,0.8125,17,130,122,162,122,BITMAP,6.153846153846154
alternating,13,0.8125,18,130,122,162,122,BITMAP,6.153846153846154
alternating,13,0.8125,19,130,122,162,122,BITMAP,6.153846153846154
alternating,13,0.8125,20,130,122,162,122,BITMAP,6.153846153846154
alternating,13,0.8125,21,130,122,162,122,BITMAP,6.153846153846154
alternating,13,0.8125,22,130,122,162,122,BITMAP,6.153846153846154
alternating,13,0.8125,23,130,122,162,122,BITMAP,6.153846153846154
alternating,13,0.8125,24,130,122,162,122,BITMAP,6.153846153846154
alternating,13,0.8125,25,130,122,162,122,BITMAP,6.153846153846154
alternating,13,0.8125,26,130,122,162,122,BITMAP,6.153846153846154
alternating,13,0.8125,27,130,122,162,122,BITMAP,6.153846153846154
alternating,13,0.8125,28,130,122,162,122,BITMAP,6.153846153846154
alternating,13,0.8125,29,130,122,162,122,BITMAP,6.153846153846154
alternating,13,0.8125,30,130,122,162,122,BITMAP,6.153846153846154
alternating,13,0.8125,31,130,122,162,122,BITMAP,6.153846153846154
alternating,13,0.8125,32,130,122,162,122,BITMAP,6.153846153846154
alternating,13,0.8125,33,130,122,162,122,BITMAP,6.153846153846154
alternating,13,0.8125,34,130,122,162,122,BITMAP,6.153846153846154
alternating,13,0.8125,35,130,122,162,122,BITMAP,6.153846153846154
alternating,13,0.8125,36,130,122,162,122,BITMAP,6.153846153846154
alternating,13,0.8125,37,130,122,162,122,BITMAP,6.153846153846154
alternating,13,0.8125,38,130,122,162,122,BITMAP,6.153846153846154
alternating,13,0.8125,39,130,122,162,122,BITMAP,6.153846153846154
alternating,13,0.8125,40,130,122,162,122,BITMAP,6.153846153846154
alternating,13,0.8125,41,130,122,162,122,BITMAP,6.153846153846154
alternating,13,0.8125,42,130,122,162,122,BITMAP,6.153846153846154
alternating,13,0.8125,43,130,122,162,122,BITMAP,6.153846153846154
alternating,13,0.8125,44,130,122,162,122,BITMAP,6.153846153846154
alternating,13,0.8125,45,130,122,162,122,BITMAP,6.153846153846154
alternating,13,0.8125,46,130,122,162,122,BITMAP,6.153846153846154
alternating,13,0.8125,47,130,122,162,122,BITMAP,6.153846153846154
alternating,13,0.8125,48,130,122,162,122,BITMAP,6.153846153846154
alternating,13,0.8125,49,130,122,162,122,BITMAP,6.153846153846154
alternating,13,0.8125,50,130,122,162,122,BITMAP,6.153846153846154
alternating,13,0.8125,51,130,122,162,122,BITMAP,6.153846153846154
alternating,13,0.8125,52,130,122,162,122,BITMAP,6.153846153846154
alternating,13,0.8125,53,130,122,162,122,BITMAP,6.153846153846154
alternating,13,0.8125,54,130,122,162,122,BITMAP,6.153846153846154
alternating,13,0.8125,55,130,122,162,122,BITMAP,6.153846153846154
alternating,13,0.8125,56,130,122,162,122,BITMAP,6.153846153846154
alternating,13,0.8125,57,130,122,162,122,BITMAP,6.153846153846154
alternating,13,0.8125,58,130,122,162,122,BITMAP,6.153846153846154
alternating,13,0.8125,59,130,122,162,122,BITMAP,6.153846153846154
alternating,13,0.8125,60,130,122,162,122,BITMAP,6.153846153846154
alternating,13,0.8125,61,130,122,162,122,BITMAP,6.153846153846154
alternating,13,0.8125,62,130,122,162,122,BITMAP,6.153846153846154
alternating,13,0.8125,63,130,122,162,122,BITMAP,6.153846153846154
alternating,13,0.8125,64,130,122,162,122,BITMAP,6.153846153846154
alternating,13,0.8125,65,130,122,162,122,BITMAP,6.153846153846154
alternating,13,0.8125,66,130,122,162,122,BITMAP,6.153846153846154
alternating,13,0.8125,67,130,122,162,122,BITMAP,6.153846153846154
alternating,13,0.8125,68,130,122,162,122,BITMAP,6.153846153846154
alternating,13,0.8125,69,130,122,162,122,BITMAP,6.153846153846154
alternating,13,0.8125,70,130,122,162,122,BITMAP,6.153846153846154
alternating,13,0.8125,71,130,122,162,122,BITMAP,6.153846153846154
alternating,13,0.8125,72,130,122,162,122,BITMAP,6.153846153846154
alternating,13,0.8125,73,130,122,162,122,BITMAP,6.153846153846154
alternating,13,0.8125,74,130,122,162,122,BITMAP,6.153846153846154
alternating,13,0.8125,75,130,122,162,122,BITMAP,6.153846153846154
alternating,13,0.8125,76,130,122,162,122,BITMAP,6.153846153846154
alternating,13,0.8125,77,130,122,162,122,BITMAP,6.153846153846154
alternating,13,0.8125,78,130,122,162,122,BITMAP,6.153846153846154
alternating,13,0.8125,79,130,122,162,122,BITMAP,6.153846153846154
alternating,13,0.8125,80,130,122,162,122,BITMAP,6.153846153846154
alternating,13,0.8125,81,130,122,162,122,BITMAP,6.153846153846154
alternating,13,0.8125,82,130,122,162,122,BITMAP,6.153846153846154
alternating,13,0.8125,83,130,122,162,122,BITMAP,6.153846153846154
alternating,13,0.8125,84,130,122,162,122,BITMAP,6.153846153846154
alternating,13,0.8125,85,130,122,162,122,BITMAP,6.153846153846154
alternating,13,0.8125,86,130,122,162,122,BITMAP,6.153846153846154
alternating,13,0.8125,87,130,122,162,122,BITMAP,6.153846153846154
alternating,13,0.8125,88,130,122,162,122,BITMAP,6.153846153846154
alternating,13,0.8125,89,130,122,162,122,BITMAP,6.153846153846154
alternating,13,0.8125,90,130,122,162,122,BITMAP,6.153846153846154
alternating,13,0.8125,91,130,122,162,122,BITMAP,6.153846153846154
alternating,13,0.8125,92,130,122,162,122,BITMAP,6.153846153846154
alternating,13,0.8125,93,130,122,162,122,BITMAP,6.153846153846154
alternating,13,0.8125,94,130,122,162,122,BITMAP,6.153846153846154
alternating,13,0.8125,95,130,122,162,122,BITMAP,6.153846153846154
alternating,13,0.8125,96,130,122,162,122,BITMAP,6.153846153846154
alternating,13,0.8125,97,130,122,162,122,BITMAP,6.153846153846154
alternating,13,0.8125,98,130,122,162,122,BITMAP,6.153846153846154
alternating,13,0.8125,99,130,122,162,122,BITMAP,6.153846153846154
alternating,14,0.875,0,130,130,174,130,RAW,0.0
alternating,14,0.875,1,130,130,174,130,RAW,0.0
alternating,14,0.875,2,130,130,174,130,RAW,0.0
alternating,14,0.875,3,130,130,174,130,RAW,0.0
alternating,14,0.875,4,130,130,174,130,RAW,0.0
alternating,14,0.875,5,130,130,174,130,RAW,0.0
alternating,14,0.875,6,130,130,174,130,RAW,0.0
alternating,14,0.875,7,130,130,174,130,RAW,0.0
alternating,14,0.875,8,130,130,174,130,RAW,0.0
alternating,14,0.875,9,130,130,174,130,RAW,0.0
alternating,14,0.875,10,130,130,174,130,RAW,0.0
alternating,14,0.875,11,130,130,174,130,RAW,0.0
alternating,14,0.875,12,130,130,174,130,RAW,0.0
alternating,14,0.875,13,130,130,174,130,RAW,0.0
alternating,14,0.875,14,130,130,174,130,RAW,0.0
alternating,14,0.875,15,130,130,174,130,RAW,0.0
alternating,14,0.875,16,130,130,174,130,RAW,0.0
alternating,14,0.875,17,130,130,174,130,RAW,0.0
alternating,14,0.875,18,130,130,174,130,RAW,0.0
alternating,14,0.875,19,130,130,174,130,RAW,0.0
alternating,14,0.875,20,130,130,174,130,RAW,0.0
alternating,14,0.875,21,130,130,174,130,RAW,0.0
alternating,14,0.875,22,130,130,174,130,RAW,0.0
alternating,14,0.875,23,130,130,174,130,RAW,0.0
alternating,14,0.875,24,130,130,174,130,RAW,0.0
alternating,14,0.875,25,130,130,174,130,RAW,0.0
alternating,14,0.875,26,130,130,174,130,RAW,0.0
alternating,14,0.875,27,130,130,174,130,RAW,0.0
alternating,14,0.875,28,130,130,174,130,RAW,0.0
alternating,14,0.875,29,130,130,174,130,RAW,0.0
alternating,14,0.875,30,130,130,174,130,RAW,0.0
alternating,14,0.875,31,130,130,174,130,RAW,0.0
alternating,14,0.875,32,130,130,174,130,RAW,0.0
alternating,14,0.875,33,130,130,174,130,RAW,0.0
alternating,14,0.875,34,130,130,174,130,RAW,0.0
alternating,14,0.875,35,130,130,174,130,RAW,0.0
alternating,14,0.875,36,130,130,174,130,RAW,0.0
alternating,14,0.875,37,130,130,174,130,RAW,0.0
alternating,14,0.875,38,130,130,174,130,RAW,0.0
alternating,14,0.875,39,130,130,174,130,RAW,0.0
alternating,14,0.875,40,130,130,174,130,RAW,0.0
alternating,14,0.875,41,130,130,174,130,RAW,0.0
alternating,14,0.875,42,130,130,174,130,RAW,0.0
alternating,14,0.875,43,130,130,174,130,RAW,0.0
alternating,14,0.875,44,130,130,174,130,RAW,0.0
alternating,14,0.875,45,130,130,174,130,RAW,0.0
alternating,14,0.875,46,130,130,174,130,RAW,0.0
alternating,14,0.875,47,130,130,174,130,RAW,0.0
alternating,14,0.875,48,130,130,174,130,RAW,0.0
alternating,14,0.875,49,130,130,174,130,RAW,0.0
alternating,14,0.875,50,130,130,174,130,RAW,0.0
alternating,14,0.875,51,130,130,174,130,RAW,0.0
alternating,14,0.875,52,130,130,174,130,RAW,0.0
alternating,14,0.875,53,130,130,174,130,RAW,0.0
alternating,14,0.875,54,130,130,174,130,RAW,0.0
alternating,14,0.875,55,130,130,174,130,RAW,0.0
alternating,14,0.875,56,130,130,174,130,RAW,0.0
alternating,14,0.875,57,130,130,174,130,RAW,0.0
alternating,14,0.875,58,130,130,174,130,RAW,0.0
alternating,14,0.875,59,130,130,174,130,RAW,0.0
alternating,14,0.875,60,130,130,174,130,RAW,0.0
alternating,14,0.875,61,130,130,174,130,RAW,0.0
alternating,14,0.875,62,130,130,174,130,RAW,0.0
alternating,14,0.875,63,130,130,174,130,RAW,0.0
alternating,14,0.875,64,130,130,174,130,RAW,0.0
alternating,14,0.875,65,130,130,174,130,RAW,0.0
alternating,14,0.875,66,130,130,174,130,RAW,0.0
alternating,14,0.875,67,130,130,174,130,RAW,0.0
alternating,14,0.875,68,130,130,174,130,RAW,0.0
alternating,14,0.875,69,130,130,174,130,RAW,0.0
alternating,14,0.875,70,130,130,174,130,RAW,0.0
alternating,14,0.875,71,130,130,174,130,RAW,0.0
alternating,14,0.875,72,130,130,174,130,RAW,0.0
alternating,14,0.875,73,130,130,174,130,RAW,0.0
alternating,14,0.875,74,130,130,174,130,RAW,0.0
alternating,14,0.875,75,130,130,174,130,RAW,0.0
alternating,14,0.875,76,130,130,174,130,RAW,0.0
alternating,14,0.875,77,130,130,174,130,RAW,0.0
alternating,14,0.875,78,130,130,174,130,RAW,0.0
alternating,14,0.875,79,130,130,174,130,RAW,0.0
alternating,14,0.875,80,130,130,174,130,RAW,0.0
alternating,14,0.875,81,130,130,174,130,RAW,0.0
alternating,14,0.875,82,130,130,174,130,RAW,0.0
alternating,14,0.875,83,130,130,174,130,RAW,0.0
alternating,14,0.875,84,130,130,174,130,RAW,0.0
alternating,14,0.875,85,130,130,174,130,RAW,0.0
alternating,14,0.875,86,130,130,174,130,RAW,0.0
alternating,14,0.875,87,130,130,174,130,RAW,0.0
alternating,14,0.875,88,130,130,174,130,RAW,0.0
alternating,14,0.875,89,130,130,174,130,RAW,0.0
alternating,14,0.875,90,130,130,174,130,RAW,0.0
alternating,14,0.875,91,130,130,174,130,RAW,0.0
alternating,14,0.875,92,130,130,174,130,RAW,0.0
alternating,14,0.875,93,130,130,174,130,RAW,0.0
alternating,14,0.875,94,130,130,174,130,RAW,0.0
alternating,14,0.875,95,130,130,174,130,RAW,0.0
alternating,14,0.875,96,130,130,174,130,RAW,0.0
alternating,14,0.875,97,130,130,174,130,RAW,0.0
alternating,14,0.875,98,130,130,174,130,RAW,0.0
alternating,14,0.875,99,130,130,174,130,RAW,0.0
alternating,15,0.9375,0,130,138,186,130,RAW,0.0
alternating,15,0.9375,1,130,138,186,130,RAW,0.0
alternating,15,0.9375,2,130,138,186,130,RAW,0.0
alternating,15,0.9375,3,130,138,186,130,RAW,0.0
alternating,15,0.9375,4,130,138,186,130,RAW,0.0
alternating,15,0.9375,5,130,138,186,130,RAW,0.0
alternating,15,0.9375,6,130,138,186,130,RAW,0.0
alternating,15,0.9375,7,130,138,186,130,RAW,0.0
alternating,15,0.9375,8,130,138,186,130,RAW,0.0
alternating,15,0.9375,9,130,138,186,130,RAW,0.0
alternating,15,0.9375,10,130,138,186,130,RAW,0.0
alternating,15,0.9375,11,130,138,186,130,RAW,0.0
alternating,15,0.9375,12,130,138,186,130,RAW,0.0
alternating,15,0.9375,13,130,138,186,130,RAW,0.0
alternating,15,0.9375,14,130,138,186,130,RAW,0.0
alternating,15,0.9375,15,130,138,186,130,RAW,0.0
alternating,15,0.9375,16,130,138,186,130,RAW,0.0
alternating,15,0.9375,17,130,138,186,130,RAW,0.0
alternating,15,0.9375,18,130,138,186,130,RAW,0.0
alternating,15,0.9375,19,130,138,186,130,RAW,0.0
alternating,15,0.9375,20,130,138,186,130,RAW,0.0
alternating,15,0.9375,21,130,138,186,130,RAW,0.0
alternating,15,0.9375,22,130,138,186,130,RAW,0.0
alternating,15,0.9375,23,130,138,186,130,RAW,0.0
alternating,15,0.9375,24,130,138,186,130,RAW,0.0
alternating,15,0.9375,25,130,138,186,130,RAW,0.0
alternating,15,0.9375,26,130,138,186,130,RAW,0.0
alternating,15,0.9375,27,130,138,186,130,RAW,0.0
alternating,15,0.9375,28,130,138,186,130,RAW,0.0
alternating,15,0.9375,29,130,138,186,130,RAW,0.0
alternating,15,0.9375,30,130,138,186,130,RAW,0.0
alternating,15,0.9375,31,130,138,186,130,RAW,0.0
alternating,15,0.9375,32,130,138,186,130,RAW,0.0
alternating,15,0.9375,33,130,138,186,130,RAW,0.0
alternating,15,0.9375,34,130,138,186,130,RAW,0.0
alternating,15,0.9375,35,130,138,186,130,RAW,0.0
alternating,15,0.9375,36,130,138,186,130,RAW,0.0
alternating,15,0.9375,37,130,138,186,130,RAW,0.0
alternating,15,0.9375,38,130,138,186,130,RAW,0.0
alternating,15,0.9375,39,130,138,186,130,RAW,0.0
alternating,15,0.9375,40,130,138,186,130,RAW,0.0
alternating,15,0.9375,41,130,138,186,130,RAW,0.0
alternating,15,0.9375,42,130,138,186,130,RAW,0.0
alternating,15,0.9375,43,130,138,186,130,RAW,0.0
alternating,15,0.9375,44,130,138,186,130,RAW,0.0
alternating,15,0.9375,45,130,138,186,130,RAW,0.0
alternating,15,0.9375,46,130,138,186,130,RAW,0.0
alternating,15,0.9375,47,130,138,186,130,RAW,0.0
alternating,15,0.9375,48,130,138,186,130,RAW,0.0
alternating,15,0.9375,49,130,138,186,130,RAW,0.0
alternating,15,0.9375,50,130,138,186,130,RAW,0.0
alternating,15,0.9375,51,130,138,186,130,RAW,0.0
alternating,15,0.9375,52,130,138,186,130,RAW,0.0
alternating,15,0.9375,53,130,138,186,130,RAW,0.0
alternating,15,0.9375,54,130,138,186,130,RAW,0.0
alternating,15,0.9375,55,130,138,186,130,RAW,0.0
alternating,15,0.9375,56,130,138,186,130,RAW,0.0
alternating,15,0.9375,57,130,138,186,130,RAW,0.0
alternating,15,0.9375,58,130,138,186,130,RAW,0.0
alternating,15,0.9375,59,130,138,186,130,RAW,0.0
alternating,15,0.9375,60,130,138,186,130,RAW,0.0
alternating,15,0.9375,61,130,138,186,130,RAW,0.0
alternating,15,0.9375,62,130,138,186,130,RAW,0.0
alternating,15,0.9375,63,130,138,186,130,RAW,0.0
alternating,15,0.9375,64,130,138,186,130,RAW,0.0
alternating,15,0.9375,65,130,138,186,130,RAW,0.0
alternating,15,0.9375,66,130,138,186,130,RAW,0.0
alternating,15,0.9375,67,130,138,186,130,RAW,0.0
alternating,15,0.9375,68,130,138,186,130,RAW,0.0
alternating,15,0.9375,69,130,138,186,130,RAW,0.0
alternating,15,0.9375,70,130,138,186,130,RAW,0.0
alternating,15,0.9375,71,130,138,186,130,RAW,0.0
alternating,15,0.9375,72,130,138,186,130,RAW,0.0
alternating,15,0.9375,73,130,138,186,130,RAW,0.0
alternating,15,0.9375,74,130,138,186,130,RAW,0.0
alternating,15,0.9375,75,130,138,186,130,RAW,0.0
alternating,15,0.9375,76,130,138,186,130,RAW,0.0
alternating,15,0.9375,77,130,138,186,130,RAW,0.0
alternating,15,0.9375,78,130,138,186,130,RAW,0.0
alternating,15,0.9375,79,130,138,186,130,RAW,0.0
alternating,15,0.9375,80,130,138,186,130,RAW,0.0
alternating,15,0.9375,81,130,138,186,130,RAW,0.0
alternating,15,0.9375,82,130,138,186,130,RAW,0.0
alternating,15,0.9375,83,130,138,186,130,RAW,0.0
alternating,15,0.9375,84,130,138,186,130,RAW,0.0
alternating,15,0.9375,85,130,138,186,130,RAW,0.0
alternating,15,0.9375,86,130,138,186,130,RAW,0.0
alternating,15,0.9375,87,130,138,186,130,RAW,0.0
alternating,15,0.9375,88,130,138,186,130,RAW,0.0
alternating,15,0.9375,89,130,138,186,130,RAW,0.0
alternating,15,0.9375,90,130,138,186,130,RAW,0.0
alternating,15,0.9375,91,130,138,186,130,RAW,0.0
alternating,15,0.9375,92,130,138,186,130,RAW,0.0
alternating,15,0.9375,93,130,138,186,130,RAW,0.0
alternating,15,0.9375,94,130,138,186,130,RAW,0.0
alternating,15,0.9375,95,130,138,186,130,RAW,0.0
alternating,15,0.9375,96,130,138,186,130,RAW,0.0
alternating,15,0.9375,97,130,138,186,130,RAW,0.0
alternating,15,0.9375,98,130,138,186,130,RAW,0.0
alternating,15,0.9375,99,130,138,186,130,RAW,0.0
alternating,16,1.0,0,130,146,198,130,RAW,0.0
alternating,16,1.0,1,130,146,198,130,RAW,0.0
alternating,16,1.0,2,130,146,198,130,RAW,0.0
alternating,16,1.0,3,130,146,198,130,RAW,0.0
alternating,16,1.0,4,130,146,198,130,RAW,0.0
alternating,16,1.0,5,130,146,198,130,RAW,0.0
alternating,16,1.0,6,130,146,198,130,RAW,0.0
alternating,16,1.0,7,130,146,198,130,RAW,0.0
alternating,16,1.0,8,130,146,198,130,RAW,0.0
alternating,16,1.0,9,130,146,198,130,RAW,0.0
alternating,16,1.0,10,130,146,198,130,RAW,0.0
alternating,16,1.0,11,130,146,198,130,RAW,0.0
alternating,16,1.0,12,130,146,198,130,RAW,0.0
alternating,16,1.0,13,130,146,198,130,RAW,0.0
alternating,16,1.0,14,130,146,198,130,RAW,0.0
alternating,16,1.0,15,130,146,198,130,RAW,0.0
alternating,16,1.0,16,130,146,198,130,RAW,0.0
alternating,16,1.0,17,130,146,198,130,RAW,0.0
alternating,16,1.0,18,130,146,198,130,RAW,0.0
alternating,16,1.0,19,130,146,198,130,RAW,0.0
alternating,16,1.0,20,130,146,198,130,RAW,0.0
alternating,16,1.0,21,130,146,198,130,RAW,0.0
alternating,16,1.0,22,130,146,198,130,RAW,0.0
alternating,16,1.0,23,130,146,198,130,RAW,0.0
alternating,16,1.0,24,130,146,198,130,RAW,0.0
alternating,16,1.0,25,130,146,198,130,RAW,0.0
alternating,16,1.0,26,130,146,198,130,RAW,0.0
alternating,16,1.0,27,130,146,198,130,RAW,0.0
alternating,16,1.0,28,130,146,198,130,RAW,0.0
alternating,16,1.0,29,130,146,198,130,RAW,0.0
alternating,16,1.0,30,130,146,198,130,RAW,0.0
alternating,16,1.0,31,130,146,198,130,RAW,0.0
alternating,16,1.0,32,130,146,198,130,RAW,0.0
alternating,16,1.0,33,130,146,198,130,RAW,0.0
alternating,16,1.0,34,130,146,198,130,RAW,0.0
alternating,16,1.0,35,130,146,198,130,RAW,0.0
alternating,16,1.0,36,130,146,198,130,RAW,0.0
alternating,16,1.0,37,130,146,198,130,RAW,0.0
alternating,16,1.0,38,130,146,198,130,RAW,0.0
alternating,16,1.0,39,130,146,198,130,RAW,0.0
alternating,16,1.0,40,130,146,198,130,RAW,0.0
alternating,16,1.0,41,130,146,198,130,RAW,0.0
alternating,16,1.0,42,130,146,198,130,RAW,0.0
alternating,16,1.0,43,130,146,198,130,RAW,0.0
alternating,16,1.0,44,130,146,198,130,RAW,0.0
alternating,16,1.0,45,130,146,198,130,RAW,0.0
alternating,16,1.0,46,130,146,198,130,RAW,0.0
alternating,16,1.0,47,130,146,198,130,RAW,0.0
alternating,16,1.0,48,130,146,198,130,RAW,0.0
alternating,16,1.0,49,130,146,198,130,RAW,0.0
alternating,16,1.0,50,130,146,198,130,RAW,0.0
alternating,16,1.0,51,130,146,198,130,RAW,0.0
alternating,16,1.0,52,130,146,198,130,RAW,0.0
alternating,16,1.0,53,130,146,198,130,RAW,0.0
alternating,16,1.0,54,130,146,198,130,RAW,0.0
alternating,16,1.0,55,130,146,198,130,RAW,0.0
alternating,16,1.0,56,130,146,198,130,RAW,0.0
alternating,16,1.0,57,130,146,198,130,RAW,0.0
alternating,16,1.0,58,130,146,198,130,RAW,0.0
alternating,16,1.0,59,130,146,198,130,RAW,0.0
alternating,16,1.0,60,130,146,198,130,RAW,0.0
alternating,16,1.0,61,130,146,198,130,RAW,0.0
alternating,16,1.0,62,130,146,198,130,RAW,0.0
alternating,16,1.0,63,130,146,198,130,RAW,0.0
alternating,16,1.0,64,130,146,198,130,RAW,0.0
alternating,16,1.0,65,130,146,198,130,RAW,0.0
alternating,16,1.0,66,130,146,198,130,RAW,0.0
alternating,16,1.0,67,130,146,198,130,RAW,0.0
alternating,16,1.0,68,130,146,198,130,RAW,0.0
alternating,16,1.0,69,130,146,198,130,RAW,0.0
alternating,16,1.0,70,130,146,198,130,RAW,0.0
alternating,16,1.0,71,130,146,198,130,RAW,0.0
alternating,16,1.0,72,130,146,198,130,RAW,0.0
alternating,16,1.0,73,130,146,198,130,RAW,0.0
alternating,16,1.0,74,130,146,198,130,RAW,0.0
alternating,16,1.0,75,130,146,198,130,RAW,0.0
alternating,16,1.0,76,130,146,198,130,RAW,0.0
alternating,16,1.0,77,130,146,198,130,RAW,0.0
alternating,16,1.0,78,130,146,198,130,RAW,0.0
alternating,16,1.0,79,130,146,198,130,RAW,0.0
alternating,16,1.0,80,130,146,198,130,RAW,0.0
alternating,16,1.0,81,130,146,198,130,RAW,0.0
alternating,16,1.0,82,130,146,198,130,RAW,0.0
alternating,16,1.0,83,130,146,198,130,RAW,0.0
alternating,16,1.0,84,130,146,198,130,RAW,0.0
alternating,16,1.0,85,130,146,198,130,RAW,0.0
alternating,16,1.0,86,130,146,198,130,RAW,0.0
alternating,16,1.0,87,130,146,198,130,RAW,0.0
alternating,16,1.0,88,130,146,198,130,RAW,0.0
alternating,16,1.0,89,130,146,198,130,RAW,0.0
alternating,16,1.0,90,130,146,198,130,RAW,0.0
alternating,16,1.0,91,130,146,198,130,RAW,0.0
alternating,16,1.0,92,130,146,198,130,RAW,0.0
alternating,16,1.0,93,130,146,198,130,RAW,0.0
alternating,16,1.0,94,130,146,198,130,RAW,0.0
alternating,16,1.0,95,130,146,198,130,RAW,0.0
alternating,16,1.0,96,130,146,198,130,RAW,0.0
alternating,16,1.0,97,130,146,198,130,RAW,0.0
alternating,16,1.0,98,130,146,198,130,RAW,0.0
alternating,16,1.0,99,130,146,198,130,RAW,0.0
